"","X","StateAbbr","vote_method","voted","party","registered"
"1",1,"OH",2,"yes","Democrat","Yes"
"2",2,"OH",1,"yes","Republican","Yes"
"3",3,"OH",2,"yes","Independent","Yes"
"4",4,"OH",2,"NAorMissing","NAorMissing","Yes"
"5",5,"OH",2,"yes","Independent","Yes"
"6",6,"OH",2,"yes","Independent","Yes"
"7",7,"OH",1,"yes","Independent","Yes"
"8",8,"OH",3,"yes","Independent","Yes"
"9",9,"OH",2,"yes","Democrat","Yes"
"10",10,"OH",2,"NAorMissing","NAorMissing","Yes"
"11",11,"OH",2,"yes","Independent","Yes"
"12",12,"OH",1,"yes","Independent","Yes"
"13",13,"OH",3,"yes","Independent","Yes"
"14",14,"OH",2,"yes","Republican","Yes"
"15",15,"OH",1,"yes","Independent","Yes"
"16",16,"OH",NA,"NAorMissing","NAorMissing","No"
"17",17,"OH",1,"yes","Independent","Yes"
"18",18,"OH",2,"yes","Republican","Yes"
"19",19,"OH",2,"yes","Republican","Yes"
"20",20,"OH",2,"yes","Republican","Yes"
"21",21,"OH",3,"yes","Republican","Yes"
"22",22,"OH",1,"yes","Independent","Yes"
"23",23,"OH",2,"yes","Independent","Yes"
"24",24,"OH",3,"yes","Democrat","Yes"
"25",25,"OH",2,"yes","Democrat","Yes"
"26",26,"OH",1,"yes","Republican","Yes"
"27",27,"OH",1,"yes","Republican","Yes"
"28",28,"OH",2,"yes","Independent","Yes"
"29",29,"OH",1,"yes","Republican","Yes"
"30",30,"OH",1,"no","Independent","Yes"
"31",31,"OH",1,"yes","Independent","Yes"
"32",32,"OH",2,"yes","Independent","Yes"
"33",33,"OH",1,"yes","Independent","Yes"
"34",34,"OH",1,"no","NAorMissing","Yes"
"35",35,"OH",3,"yes","Independent","Yes"
"36",36,"OH",1,"yes","Republican","Yes"
"37",37,"OH",3,"NAorMissing","NAorMissing","Yes"
"38",38,"OH",3,"yes","Republican","Yes"
"39",39,"OH",2,"yes","Republican","Yes"
"40",40,"OH",2,"yes","Republican","Yes"
"41",41,"OH",3,"yes","Independent","Yes"
"42",42,"OH",2,"yes","Republican","Yes"
"43",43,"OH",1,"yes","Democrat","Yes"
"44",44,"OH",2,"yes","Independent","Yes"
"45",45,"OH",3,"yes","Independent","Yes"
"46",46,"OH",1,"yes","Democrat","Yes"
"47",47,"OH",1,"yes","Independent","Yes"
"48",48,"OH",1,"yes","Republican","Yes"
"49",49,"OH",3,"yes","Independent","Yes"
"50",50,"OH",2,"yes","Independent","Yes"
"51",51,"OH",3,"yes","Republican","Yes"
"52",52,"OH",3,"yes","Independent","Yes"
"53",53,"OH",1,"NAorMissing","NAorMissing","Yes"
"54",54,"OH",3,"yes","Independent","Yes"
"55",55,"OH",3,"yes","Republican","Yes"
"56",56,"OH",1,"yes","Republican","Yes"
"57",57,"OH",1,"yes","Republican","Yes"
"58",58,"OH",2,"yes","Independent","Yes"
"59",59,"OH",2,"yes","Republican","Yes"
"60",60,"OH",3,"yes","Independent","Yes"
"61",61,"OH",2,"yes","Republican","Yes"
"62",62,"OH",3,"yes","Democrat","Yes"
"63",63,"OH",3,"yes","Independent","Yes"
"64",64,"OH",2,"yes","Republican","Yes"
"65",65,"OH",1,"yes","Independent","Yes"
"66",66,"OH",3,"yes","Republican","Yes"
"67",67,"OH",2,"yes","Republican","Yes"
"68",68,"OH",2,"yes","Independent","Yes"
"69",69,"OH",2,"yes","Democrat","Yes"
"70",70,"OH",2,"no","NAorMissing","Yes"
"71",71,"OH",2,"yes","Independent","Yes"
"72",72,"OH",2,"yes","Independent","Yes"
"73",73,"OH",3,"yes","Democrat","Yes"
"74",74,"OH",1,"NAorMissing","NAorMissing","Yes"
"75",75,"OH",3,"yes","Republican","Yes"
"76",76,"OH",3,"yes","Republican","Yes"
"77",77,"OH",1,"yes","Independent","Yes"
"78",78,"OH",1,"yes","Republican","Yes"
"79",79,"OH",1,"yes","Independent","Yes"
"80",80,"OH",3,"yes","Independent","Yes"
"81",81,"OH",1,"no","Other","Yes"
"82",82,"OH",3,"yes","Independent","Yes"
"83",83,"OH",2,"yes","Republican","Yes"
"84",84,"OH",3,"yes","Independent","Yes"
"85",85,"OH",2,"yes","Independent","Yes"
"86",86,"OH",3,"yes","Independent","Yes"
"87",87,"OH",NA,"no","NAorMissing","DontKnow"
"88",88,"OH",3,"yes","Republican","Yes"
"89",89,"OH",3,"yes","Independent","Yes"
"90",90,"OH",NA,"NAorMissing","NAorMissing","Yes"
"91",91,"OH",2,"yes","Republican","Yes"
"92",92,"OH",3,"yes","Independent","Yes"
"93",93,"OH",1,"NAorMissing","NAorMissing","Yes"
"94",94,"OH",1,"yes","Independent","Yes"
"95",95,"OH",3,"yes","Independent","Yes"
"96",96,"OH",3,"yes","Republican","Yes"
"97",97,"OH",2,"yes","Independent","Yes"
"98",98,"OH",2,"yes","Democrat","Yes"
"99",99,"OH",3,"yes","Independent","Yes"
"100",100,"OH",2,"yes","Democrat","Yes"
"101",101,"OH",1,"yes","Republican","Yes"
"102",102,"OH",1,"yes","Independent","Yes"
"103",103,"OH",1,"yes","Democrat","Yes"
"104",104,"OH",3,"yes","Republican","Yes"
"105",105,"OH",2,"yes","Independent","Yes"
"106",106,"OH",NA,"yes","Democrat","Yes"
"107",107,"OH",3,"yes","Independent","Yes"
"108",108,"OH",1,"yes","Democrat","Yes"
"109",109,"OH",3,"NAorMissing","NAorMissing","Yes"
"110",110,"OH",3,"yes","Independent","Yes"
"111",111,"OH",3,"yes","Republican","Yes"
"112",112,"OH",2,"yes","Independent","Yes"
"113",113,"OH",3,"yes","Republican","Yes"
"114",114,"OH",3,"yes","Independent","Yes"
"115",115,"OH",3,"yes","Independent","Yes"
"116",116,"OH",3,"yes","Independent","Yes"
"117",117,"OH",3,"yes","Republican","Yes"
"118",118,"OH",2,"yes","Independent","Yes"
"119",119,"OH",1,"yes","Other","Yes"
"120",120,"OH",3,"yes","Independent","Yes"
"121",121,"OH",1,"yes","Republican","Yes"
"122",122,"OH",2,"yes","Independent","Yes"
"123",123,"OH",3,"yes","Republican","Yes"
"124",124,"OH",2,"yes","Republican","Yes"
"125",125,"OH",3,"yes","Democrat","Yes"
"126",126,"OH",3,"yes","Independent","Yes"
"127",127,"OH",2,"yes","Republican","Yes"
"128",128,"OH",2,"NAorMissing","NAorMissing","Yes"
"129",129,"OH",1,"yes","Democrat","Yes"
"130",130,"OH",3,"yes","Independent","Yes"
"131",131,"OH",2,"yes","Democrat","Yes"
"132",132,"OH",3,"yes","Independent","Yes"
"133",133,"OH",3,"yes","Independent","Yes"
"134",134,"OH",2,"yes","Independent","Yes"
"135",135,"OH",3,"yes","Independent","Yes"
"136",136,"OH",3,"NAorMissing","NAorMissing","Yes"
"137",137,"OH",2,"yes","Democrat","Yes"
"138",138,"OH",2,"yes","Democrat","Yes"
"139",139,"OH",2,"yes","Independent","Yes"
"140",140,"OH",3,"yes","Republican","Yes"
"141",141,"OH",3,"yes","Republican","Yes"
"142",142,"OH",3,"yes","Republican","Yes"
"143",143,"OH",2,"yes","Democrat","Yes"
"144",144,"OH",NA,"NAorMissing","NAorMissing","No"
"145",145,"OH",2,"yes","Republican","Yes"
"146",146,"OH",2,"yes","Republican","Yes"
"147",147,"OH",2,"yes","Democrat","Yes"
"148",148,"OH",2,"yes","Republican","Yes"
"149",149,"OH",1,"yes","Republican","Yes"
"150",150,"OH",1,"yes","Independent","Yes"
"151",151,"OH",2,"yes","Republican","Yes"
"152",152,"OH",2,"yes","Democrat","Yes"
"153",153,"OH",2,"yes","Independent","Yes"
"154",154,"OH",2,"yes","Democrat","Yes"
"155",155,"OH",2,"yes","Republican","Yes"
"156",156,"OH",3,"yes","Republican","Yes"
"157",157,"OH",1,"yes","Independent","Yes"
"158",158,"OH",3,"yes","Independent","Yes"
"159",159,"OH",2,"yes","Independent","Yes"
"160",160,"OH",1,"yes","Republican","Yes"
"161",161,"OH",2,"yes","Republican","Yes"
"162",162,"OH",2,"yes","Independent","Yes"
"163",163,"OH",3,"NAorMissing","NAorMissing","Yes"
"164",164,"OH",2,"yes","Democrat","Yes"
"165",165,"OH",3,"yes","Independent","Yes"
"166",166,"OH",2,"yes","Independent","Yes"
"167",167,"OH",3,"NAorMissing","NAorMissing","Yes"
"168",168,"OH",2,"yes","Democrat","Yes"
"169",169,"OH",2,"yes","Independent","Yes"
"170",170,"OH",1,"yes","Independent","Yes"
"171",171,"OH",1,"yes","Independent","Yes"
"172",172,"OH",2,"yes","Independent","Yes"
"173",173,"OH",3,"yes","Republican","Yes"
"174",174,"OH",2,"yes","Democrat","Yes"
"175",175,"OH",2,"yes","Democrat","Yes"
"176",176,"OH",1,"yes","Republican","Yes"
"177",177,"OH",3,"yes","Republican","Yes"
"178",178,"OH",1,"yes","Independent","Yes"
"179",179,"OH",3,"yes","Republican","Yes"
"180",180,"OH",2,"yes","Republican","Yes"
"181",181,"OH",2,"yes","Republican","Yes"
"182",182,"OH",NA,"NAorMissing","NAorMissing","No"
"183",183,"OH",1,"yes","Republican","Yes"
"184",184,"OH",1,"yes","Republican","Yes"
"185",185,"OH",3,"yes","Republican","Yes"
"186",186,"OH",2,"yes","Independent","Yes"
"187",187,"OH",3,"yes","Republican","Yes"
"188",188,"OH",1,"yes","Independent","Yes"
"189",189,"OH",3,"yes","Independent","Yes"
"190",190,"OH",2,"yes","Independent","Yes"
"191",191,"OH",1,"yes","Republican","Yes"
"192",192,"OH",1,"yes","Republican","Yes"
"193",193,"OH",1,"yes","Independent","Yes"
"194",194,"OH",2,"yes","Independent","Yes"
"195",195,"OH",3,"yes","Independent","Yes"
"196",196,"OH",2,"yes","Republican","Yes"
"197",197,"OH",3,"yes","Independent","Yes"
"198",198,"OH",3,"yes","Republican","Yes"
"199",199,"OH",3,"yes","Independent","Yes"
"200",200,"OH",2,"yes","Republican","Yes"
"201",201,"OH",2,"yes","Republican","Yes"
"202",202,"OH",3,"yes","Independent","Yes"
"203",203,"OH",3,"yes","Independent","Yes"
"204",204,"OH",2,"yes","Independent","Yes"
"205",205,"OH",1,"yes","Independent","Yes"
"206",206,"OH",2,"yes","Independent","Yes"
"207",207,"OH",NA,"NAorMissing","NAorMissing","No"
"208",208,"OH",1,"yes","Independent","Yes"
"209",209,"OH",3,"yes","Republican","Yes"
"210",210,"OH",3,"yes","Independent","Yes"
"211",211,"OH",3,"yes","Independent","Yes"
"212",212,"OH",3,"yes","Democrat","Yes"
"213",213,"OH",NA,"NAorMissing","NAorMissing","No"
"214",214,"OH",3,"yes","Independent","Yes"
"215",215,"OH",2,"yes","Independent","Yes"
"216",216,"OH",2,"yes","Democrat","Yes"
"217",217,"OH",3,"yes","Republican","Yes"
"218",218,"OH",1,"yes","Independent","Yes"
"219",219,"OH",3,"yes","Democrat","Yes"
"220",220,"OH",3,"yes","Independent","Yes"
"221",221,"OH",3,"yes","Republican","Yes"
"222",222,"OH",NA,"NAorMissing","NAorMissing","No"
"223",223,"OH",1,"yes","Independent","Yes"
"224",224,"OH",1,"yes","Independent","Yes"
"225",225,"OH",3,"yes","Independent","Yes"
"226",226,"OH",3,"yes","Republican","Yes"
"227",227,"OH",2,"yes","Democrat","Yes"
"228",228,"OH",3,"yes","Independent","Yes"
"229",229,"OH",2,"yes","Republican","Yes"
"230",230,"OH",2,"yes","Independent","Yes"
"231",231,"OH",3,"yes","Democrat","Yes"
"232",232,"OH",2,"yes","Independent","Yes"
"233",233,"OH",2,"yes","Democrat","Yes"
"234",234,"OH",3,"yes","Independent","Yes"
"235",235,"OH",2,"yes","Independent","Yes"
"236",236,"OH",3,"yes","Independent","Yes"
"237",237,"OH",2,"yes","Republican","Yes"
"238",238,"OH",2,"yes","Democrat","Yes"
"239",239,"OH",3,"yes","Independent","Yes"
"240",240,"OH",2,"yes","Independent","Yes"
"241",241,"OH",3,"yes","Democrat","Yes"
"242",242,"OH",3,"yes","Independent","Yes"
"243",243,"OH",3,"yes","Republican","Yes"
"244",244,"OH",1,"yes","Independent","Yes"
"245",245,"OH",3,"NAorMissing","NAorMissing","Yes"
"246",246,"OH",1,"yes","Independent","Yes"
"247",247,"OH",2,"yes","Democrat","Yes"
"248",248,"OH",3,"yes","Independent","Yes"
"249",249,"OH",3,"yes","Independent","Yes"
"250",250,"OH",2,"yes","Independent","Yes"
"251",251,"OH",1,"yes","Independent","Yes"
"252",252,"OH",1,"yes","Republican","Yes"
"253",253,"OH",3,"yes","Democrat","Yes"
"254",254,"OH",1,"yes","Democrat","Yes"
"255",255,"OH",3,"yes","Independent","Yes"
"256",256,"OH",3,"yes","Republican","Yes"
"257",257,"OH",3,"yes","Republican","Yes"
"258",258,"OH",3,"yes","Independent","Yes"
"259",259,"OH",3,"yes","Democrat","Yes"
"260",260,"OH",2,"yes","Republican","Yes"
"261",261,"OH",3,"yes","Independent","Yes"
"262",262,"OH",2,"yes","Democrat","Yes"
"263",263,"OH",3,"NAorMissing","NAorMissing","Yes"
"264",264,"OH",1,"yes","Republican","Yes"
"265",265,"OH",3,"yes","Independent","Yes"
"266",266,"OH",NA,"NAorMissing","NAorMissing","No"
"267",267,"OH",1,"yes","Independent","Yes"
"268",268,"OH",3,"yes","Republican","Yes"
"269",269,"OH",3,"yes","Independent","Yes"
"270",270,"OH",3,"yes","Independent","Yes"
"271",271,"OH",2,"yes","Democrat","Yes"
"272",272,"OH",1,"yes","Independent","Yes"
"273",273,"OH",2,"yes","Independent","Yes"
"274",274,"OH",2,"yes","Republican","Yes"
"275",275,"OH",1,"yes","Democrat","Yes"
"276",276,"OH",3,"NAorMissing","NAorMissing","Yes"
"277",277,"OH",2,"yes","Republican","Yes"
"278",278,"OH",3,"yes","Independent","Yes"
"279",279,"OH",2,"yes","Republican","Yes"
"280",280,"OH",2,"yes","Independent","Yes"
"281",281,"OH",3,"yes","Democrat","Yes"
"282",282,"OH",3,"yes","Independent","Yes"
"283",283,"OH",2,"NAorMissing","NAorMissing","Yes"
"284",284,"OH",3,"NAorMissing","NAorMissing","Yes"
"285",285,"OH",2,"yes","Republican","Yes"
"286",286,"OH",3,"yes","Democrat","Yes"
"287",287,"OH",2,"yes","Democrat","Yes"
"288",288,"OH",1,"yes","Republican","Yes"
"289",289,"OH",1,"yes","Republican","Yes"
"290",290,"OH",2,"yes","Democrat","Yes"
"291",291,"OH",1,"yes","Independent","Yes"
"292",292,"OH",3,"yes","Independent","Yes"
"293",293,"OH",3,"yes","Independent","Yes"
"294",294,"OH",2,"yes","Independent","Yes"
"295",295,"OH",1,"yes","Republican","Yes"
"296",296,"OH",1,"yes","Independent","Yes"
"297",297,"OH",1,"yes","Independent","Yes"
"298",298,"OH",1,"yes","Independent","Yes"
"299",299,"OH",1,"yes","Independent","Yes"
"300",300,"OH",1,"yes","Independent","Yes"
"301",301,"OH",2,"yes","Democrat","Yes"
"302",302,"OH",2,"yes","Independent","Yes"
"303",303,"OH",2,"NAorMissing","NAorMissing","Yes"
"304",304,"OH",3,"yes","Independent","Yes"
"305",305,"OH",3,"yes","Independent","Yes"
"306",306,"OH",2,"yes","Republican","Yes"
"307",307,"OH",2,"NAorMissing","NAorMissing","Yes"
"308",308,"OH",1,"yes","Republican","Yes"
"309",309,"OH",2,"yes","Republican","Yes"
"310",310,"OH",3,"NAorMissing","NAorMissing","Yes"
"311",311,"OH",3,"yes","Independent","Yes"
"312",312,"OH",2,"yes","Republican","Yes"
"313",313,"OH",3,"yes","Independent","Yes"
"314",314,"OH",3,"yes","Independent","Yes"
"315",315,"OH",1,"yes","Republican","Yes"
"316",316,"OH",1,"yes","Independent","Yes"
"317",317,"OH",2,"yes","Democrat","Yes"
"318",318,"OH",3,"yes","Independent","Yes"
"319",319,"OH",3,"yes","Independent","Yes"
"320",320,"OH",2,"yes","Democrat","Yes"
"321",321,"OH",2,"yes","Republican","Yes"
"322",322,"OH",3,"NAorMissing","NAorMissing","Yes"
"323",323,"OH",3,"yes","Republican","Yes"
"324",324,"OH",3,"yes","Independent","Yes"
"325",325,"OH",3,"yes","Independent","Yes"
"326",326,"OH",2,"yes","Republican","Yes"
"327",327,"OH",2,"yes","Independent","Yes"
"328",328,"OH",1,"yes","Independent","Yes"
"329",329,"OH",3,"yes","Independent","Yes"
"330",330,"OH",3,"yes","Independent","Yes"
"331",331,"OH",1,"yes","Independent","Yes"
"332",332,"OH",3,"yes","Independent","Yes"
"333",333,"OH",1,"yes","Independent","Yes"
"334",334,"OH",3,"yes","Independent","Yes"
"335",335,"OH",3,"yes","Independent","Yes"
"336",336,"OH",2,"yes","Independent","Yes"
"337",337,"OH",2,"yes","Democrat","Yes"
"338",338,"OH",3,"yes","Republican","Yes"
"339",339,"OH",2,"yes","Independent","Yes"
"340",340,"OH",3,"yes","Independent","Yes"
"341",341,"OH",2,"yes","Democrat","Yes"
"342",342,"OH",3,"yes","Republican","Yes"
"343",343,"OH",3,"yes","Independent","Yes"
"344",344,"OH",2,"yes","Democrat","Yes"
"345",345,"OH",3,"yes","Independent","Yes"
"346",346,"OH",1,"no","NAorMissing","Yes"
"347",347,"OH",1,"yes","Republican","Yes"
"348",348,"OH",2,"yes","Republican","Yes"
"349",349,"OH",2,"yes","Democrat","Yes"
"350",350,"OH",2,"yes","Republican","Yes"
"351",351,"OH",2,"NAorMissing","NAorMissing","Yes"
"352",352,"OH",3,"yes","Republican","Yes"
"353",353,"OH",2,"yes","Republican","Yes"
"354",354,"OH",2,"yes","Independent","Yes"
"355",355,"OH",3,"yes","Independent","Yes"
"356",356,"OH",2,"yes","Independent","Yes"
"357",357,"OH",1,"yes","Independent","Yes"
"358",358,"OH",2,"yes","Democrat","Yes"
"359",359,"OH",2,"yes","Independent","Yes"
"360",360,"OH",NA,"NAorMissing","NAorMissing","No"
"361",361,"OH",3,"yes","Republican","Yes"
"362",362,"OH",2,"yes","Independent","Yes"
"363",363,"OH",2,"yes","Independent","Yes"
"364",364,"OH",2,"yes","Republican","Yes"
"365",365,"OH",2,"yes","Republican","Yes"
"366",366,"OH",3,"yes","Independent","Yes"
"367",367,"OH",3,"yes","Democrat","Yes"
"368",368,"OH",3,"yes","Independent","Yes"
"369",369,"OH",2,"yes","Democrat","Yes"
"370",370,"OH",2,"yes","Republican","Yes"
"371",371,"OH",1,"yes","Republican","Yes"
"372",372,"OH",2,"yes","Republican","Yes"
"373",373,"OH",2,"yes","Independent","Yes"
"374",374,"OH",2,"yes","Republican","Yes"
"375",375,"OH",3,"yes","Independent","Yes"
"376",376,"OH",1,"yes","Democrat","Yes"
"377",377,"OH",2,"yes","Independent","Yes"
"378",378,"OH",1,"yes","Democrat","Yes"
"379",379,"OH",2,"yes","Independent","Yes"
"380",380,"OH",2,"yes","Democrat","Yes"
"381",381,"OH",2,"yes","Independent","Yes"
"382",382,"OH",2,"yes","Democrat","Yes"
"383",383,"OH",1,"yes","Independent","Yes"
"384",384,"OH",3,"yes","Independent","Yes"
"385",385,"OH",3,"yes","Independent","Yes"
"386",386,"OH",3,"yes","Independent","Yes"
"387",387,"OH",2,"yes","Democrat","Yes"
"388",388,"OH",2,"yes","Independent","Yes"
"389",389,"OH",2,"yes","Independent","Yes"
"390",390,"OH",3,"yes","Independent","Yes"
"391",391,"OH",3,"yes","Republican","Yes"
"392",392,"OH",1,"no","NAorMissing","Yes"
"393",393,"OH",2,"yes","Republican","Yes"
"394",394,"OH",2,"yes","Democrat","Yes"
"395",395,"OH",3,"yes","Republican","Yes"
"396",396,"OH",3,"NAorMissing","NAorMissing","Yes"
"397",397,"OH",3,"yes","Democrat","Yes"
"398",398,"OH",2,"yes","Independent","Yes"
"399",399,"OH",2,"NAorMissing","NAorMissing","Yes"
"400",400,"OH",2,"yes","Democrat","Yes"
"401",401,"OH",3,"yes","Independent","Yes"
"402",402,"OH",1,"yes","Independent","Yes"
"403",403,"OH",2,"yes","Republican","Yes"
"404",404,"OH",NA,"yes","Republican","No"
"405",405,"OH",2,"yes","Independent","Yes"
"406",406,"OH",1,"yes","Republican","Yes"
"407",407,"OH",1,"yes","Democrat","Yes"
"408",408,"OH",NA,"NAorMissing","NAorMissing","No"
"409",409,"OH",3,"yes","Independent","Yes"
"410",410,"OH",3,"yes","Independent","Yes"
"411",411,"OH",1,"yes","Democrat","Yes"
"412",412,"OH",2,"yes","Independent","Yes"
"413",413,"OH",1,"yes","Independent","Yes"
"414",414,"OH",1,"yes","Independent","Yes"
"415",415,"OH",3,"yes","Democrat","Yes"
"416",416,"OH",2,"yes","Republican","Yes"
"417",417,"OH",3,"yes","Independent","Yes"
"418",418,"OH",2,"yes","Democrat","Yes"
"419",419,"OH",3,"yes","Independent","Yes"
"420",420,"OH",1,"no","NAorMissing","Yes"
"421",421,"OH",2,"yes","Republican","Yes"
"422",422,"OH",3,"yes","Independent","Yes"
"423",423,"OH",2,"yes","Democrat","Yes"
"424",424,"OH",3,"yes","Republican","Yes"
"425",425,"OH",2,"yes","Republican","Yes"
"426",426,"OH",3,"yes","Independent","Yes"
"427",427,"OH",1,"yes","Independent","Yes"
"428",428,"OH",2,"yes","Republican","Yes"
"429",429,"OH",3,"yes","Independent","Yes"
"430",430,"OH",3,"yes","Independent","Yes"
"431",431,"OH",2,"yes","Democrat","Yes"
"432",432,"OH",3,"NAorMissing","NAorMissing","Yes"
"433",433,"OH",1,"yes","Republican","Yes"
"434",434,"OH",2,"yes","Independent","Yes"
"435",435,"OH",2,"yes","Democrat","Yes"
"436",436,"OH",3,"yes","Independent","Yes"
"437",437,"OH",3,"yes","Independent","Yes"
"438",438,"OH",3,"yes","Independent","Yes"
"439",439,"OH",1,"yes","Independent","Yes"
"440",440,"OH",1,"yes","Independent","Yes"
"441",441,"OH",1,"yes","Independent","Yes"
"442",442,"OH",3,"yes","Independent","Yes"
"443",443,"OH",3,"yes","Democrat","Yes"
"444",444,"OH",3,"yes","Independent","Yes"
"445",445,"OH",3,"yes","Independent","Yes"
"446",446,"OH",3,"yes","Democrat","Yes"
"447",447,"OH",2,"yes","Republican","Yes"
"448",448,"OH",3,"yes","Independent","Yes"
"449",449,"OH",2,"yes","Independent","Yes"
"450",450,"OH",3,"yes","Independent","Yes"
"451",451,"OH",3,"yes","Independent","Yes"
"452",452,"OH",3,"yes","Republican","Yes"
"453",453,"OH",3,"yes","Independent","Yes"
"454",454,"OH",1,"yes","Republican","Yes"
"455",455,"OH",2,"yes","Independent","Yes"
"456",456,"OH",1,"yes","Republican","Yes"
"457",457,"OH",3,"yes","Independent","Yes"
"458",458,"OH",1,"yes","Independent","Yes"
"459",459,"OH",3,"yes","Republican","Yes"
"460",460,"OH",3,"yes","Independent","Yes"
"461",461,"OH",3,"yes","Independent","Yes"
"462",462,"OH",2,"yes","Democrat","Yes"
"463",463,"OH",2,"yes","Republican","Yes"
"464",464,"OH",2,"yes","Independent","Yes"
"465",465,"OH",2,"yes","Democrat","Yes"
"466",466,"OH",2,"yes","Republican","Yes"
"467",467,"OH",3,"yes","Independent","Yes"
"468",468,"OH",3,"yes","Democrat","Yes"
"469",469,"OH",3,"yes","Republican","Yes"
"470",470,"OH",3,"yes","Republican","Yes"
"471",471,"OH",3,"yes","Independent","Yes"
"472",472,"OH",3,"yes","Independent","Yes"
"473",473,"OH",2,"yes","Democrat","Yes"
"474",474,"OH",2,"yes","Independent","Yes"
"475",475,"OH",3,"yes","Independent","Yes"
"476",476,"OH",3,"yes","Democrat","Yes"
"477",477,"OH",3,"yes","Independent","Yes"
"478",478,"OH",1,"yes","Independent","Yes"
"479",479,"OH",2,"yes","Democrat","Yes"
"480",480,"OH",1,"yes","Democrat","Yes"
"481",481,"OH",3,"yes","Independent","Yes"
"482",482,"OH",NA,"no","NAorMissing","DontKnow"
"483",483,"OH",2,"yes","Republican","Yes"
"484",484,"OH",2,"yes","Independent","Yes"
"485",485,"OH",1,"yes","Independent","Yes"
"486",486,"OH",2,"yes","Democrat","Yes"
"487",487,"OH",3,"yes","Democrat","Yes"
"488",488,"OH",3,"NAorMissing","NAorMissing","Yes"
"489",489,"OH",2,"yes","Independent","Yes"
"490",490,"OH",1,"yes","Independent","Yes"
"491",491,"OH",1,"NAorMissing","NAorMissing","Yes"
"492",492,"OH",3,"yes","Republican","Yes"
"493",493,"OH",2,"yes","Independent","Yes"
"494",494,"OH",1,"yes","Republican","Yes"
"495",495,"OH",3,"yes","Independent","Yes"
"496",496,"OH",3,"yes","Republican","Yes"
"497",497,"OH",2,"yes","Republican","Yes"
"498",498,"OH",1,"yes","Republican","Yes"
"499",499,"OH",3,"yes","Independent","Yes"
"500",500,"OH",1,"yes","Democrat","Yes"
"501",501,"OH",2,"yes","Republican","Yes"
"502",502,"OH",NA,"NAorMissing","NAorMissing","No"
"503",503,"OH",2,"yes","Independent","Yes"
"504",504,"OH",2,"yes","Independent","Yes"
"505",505,"OH",2,"yes","Republican","Yes"
"506",506,"OH",NA,"no","Other","No"
"507",507,"OH",2,"yes","Democrat","Yes"
"508",508,"OH",2,"NAorMissing","NAorMissing","Yes"
"509",509,"OH",2,"yes","Independent","Yes"
"510",510,"OH",2,"yes","Republican","Yes"
"511",511,"OH",1,"yes","Independent","Yes"
"512",512,"OH",2,"yes","Republican","Yes"
"513",513,"OH",2,"yes","Republican","Yes"
"514",514,"OH",3,"yes","Democrat","Yes"
"515",515,"OH",2,"yes","Republican","Yes"
"516",516,"OH",1,"yes","Independent","Yes"
"517",517,"OH",2,"yes","Republican","Yes"
"518",518,"OH",1,"yes","Republican","Yes"
"519",519,"OH",3,"yes","Republican","Yes"
"520",520,"OH",2,"yes","Independent","Yes"
"521",521,"OH",1,"yes","Independent","Yes"
"522",522,"OH",2,"yes","Independent","Yes"
"523",523,"OH",2,"yes","Republican","Yes"
"524",524,"OH",2,"yes","Democrat","Yes"
"525",525,"OH",1,"yes","Democrat","Yes"
"526",526,"OH",3,"yes","Republican","Yes"
"527",527,"OH",1,"yes","Independent","Yes"
"528",528,"OH",1,"yes","Republican","Yes"
"529",529,"OH",1,"yes","Independent","Yes"
"530",530,"OH",3,"yes","Democrat","Yes"
"531",531,"OH",2,"NAorMissing","NAorMissing","Yes"
"532",532,"OH",2,"yes","Republican","Yes"
"533",533,"OH",3,"yes","Independent","Yes"
"534",534,"OH",1,"yes","Republican","Yes"
"535",535,"OH",2,"no","NAorMissing","Yes"
"536",536,"OH",3,"yes","Independent","Yes"
"537",537,"OH",2,"yes","Independent","Yes"
"538",538,"OH",2,"yes","Republican","Yes"
"539",539,"OH",2,"yes","Democrat","Yes"
"540",540,"OH",3,"yes","Republican","Yes"
"541",541,"OH",2,"NAorMissing","NAorMissing","Yes"
"542",542,"OH",1,"yes","Republican","Yes"
"543",543,"OH",2,"yes","Republican","Yes"
"544",544,"OH",1,"yes","Independent","Yes"
"545",545,"OH",3,"yes","Independent","Yes"
"546",546,"OH",2,"yes","Republican","Yes"
"547",547,"OH",2,"yes","Independent","Yes"
"548",548,"OH",2,"yes","Democrat","Yes"
"549",549,"OH",2,"yes","Independent","Yes"
"550",550,"OH",2,"yes","Democrat","Yes"
"551",551,"OH",2,"yes","Independent","Yes"
"552",552,"OH",2,"yes","Republican","Yes"
"553",553,"OH",2,"NAorMissing","NAorMissing","Yes"
"554",554,"OH",3,"yes","Independent","Yes"
"555",555,"OH",1,"NAorMissing","NAorMissing","Yes"
"556",556,"OH",3,"yes","Independent","Yes"
"557",557,"OH",2,"yes","Independent","Yes"
"558",558,"OH",4,"yes","Independent","Yes"
"559",559,"OH",3,"yes","Democrat","Yes"
"560",560,"OH",1,"yes","Republican","Yes"
"561",561,"OH",1,"yes","Independent","Yes"
"562",562,"OH",2,"no","NAorMissing","Yes"
"563",563,"OH",3,"yes","Republican","Yes"
"564",564,"OH",1,"yes","Republican","Yes"
"565",565,"OH",3,"yes","Independent","Yes"
"566",566,"OH",2,"NAorMissing","NAorMissing","Yes"
"567",567,"OH",2,"yes","Independent","Yes"
"568",568,"OH",2,"yes","Republican","Yes"
"569",569,"OH",1,"yes","Independent","Yes"
"570",570,"OH",NA,"no","Republican","No"
"571",571,"OH",3,"yes","Independent","Yes"
"572",572,"OH",2,"yes","Republican","Yes"
"573",573,"OH",3,"yes","Democrat","Yes"
"574",574,"OH",3,"yes","Independent","Yes"
"575",575,"OH",2,"yes","Independent","Yes"
"576",576,"OH",2,"yes","Independent","Yes"
"577",577,"OH",2,"yes","Independent","Yes"
"578",578,"OH",NA,"NAorMissing","NAorMissing","No"
"579",579,"OH",2,"NAorMissing","NAorMissing","Yes"
"580",580,"OH",2,"yes","Republican","Yes"
"581",581,"OH",3,"yes","Independent","Yes"
"582",582,"OH",1,"yes","Independent","Yes"
"583",583,"OH",1,"yes","Independent","Yes"
"584",584,"OH",3,"yes","Independent","Yes"
"585",585,"OH",3,"yes","Independent","Yes"
"586",586,"OH",3,"yes","Republican","Yes"
"587",587,"OH",1,"yes","Independent","Yes"
"588",588,"OH",2,"yes","Independent","Yes"
"589",589,"OH",3,"NAorMissing","NAorMissing","Yes"
"590",590,"OH",2,"yes","Independent","Yes"
"591",591,"OH",3,"yes","Independent","Yes"
"592",592,"OH",2,"yes","Independent","Yes"
"593",593,"OH",1,"yes","Independent","Yes"
"594",594,"OH",1,"yes","Independent","Yes"
"595",595,"OH",3,"yes","Democrat","Yes"
"596",596,"OH",2,"yes","Independent","Yes"
"597",597,"OH",2,"yes","Independent","Yes"
"598",598,"OH",2,"yes","Democrat","Yes"
"599",599,"OH",2,"yes","Republican","Yes"
"600",600,"OH",3,"yes","Independent","Yes"
"601",601,"OH",2,"yes","Republican","Yes"
"602",602,"OH",2,"yes","Republican","Yes"
"603",603,"OH",2,"yes","Independent","Yes"
"604",604,"OH",2,"yes","Republican","Yes"
"605",605,"OH",1,"yes","Independent","Yes"
"606",606,"OH",2,"yes","Independent","Yes"
"607",607,"OH",NA,"NAorMissing","NAorMissing","Yes"
"608",608,"OH",3,"NAorMissing","NAorMissing","Yes"
"609",609,"OH",3,"yes","Democrat","Yes"
"610",610,"OH",2,"yes","Democrat","Yes"
"611",611,"OH",2,"yes","Democrat","Yes"
"612",612,"OH",2,"no","NAorMissing","Yes"
"613",613,"OH",2,"yes","Independent","Yes"
"614",614,"OH",2,"yes","Independent","Yes"
"615",615,"OH",2,"yes","Republican","Yes"
"616",616,"OH",3,"yes","Democrat","Yes"
"617",617,"OH",1,"yes","Democrat","Yes"
"618",618,"OH",3,"yes","Democrat","Yes"
"619",619,"OH",1,"yes","Independent","Yes"
"620",620,"OH",1,"yes","Independent","Yes"
"621",621,"OH",2,"NAorMissing","NAorMissing","Yes"
"622",622,"OH",3,"yes","Independent","Yes"
"623",623,"OH",3,"yes","Independent","Yes"
"624",624,"OH",2,"yes","Democrat","Yes"
"625",625,"OH",3,"yes","Independent","Yes"
"626",626,"OH",1,"yes","Republican","Yes"
"627",627,"OH",NA,"NAorMissing","NAorMissing","No"
"628",628,"OH",1,"yes","Republican","Yes"
"629",629,"OH",3,"NAorMissing","NAorMissing","Yes"
"630",630,"OH",3,"yes","Independent","Yes"
"631",631,"OH",2,"yes","Independent","Yes"
"632",632,"OH",1,"yes","Republican","Yes"
"633",633,"OH",3,"yes","Independent","Yes"
"634",634,"OH",3,"yes","Independent","Yes"
"635",635,"OH",1,"yes","Independent","Yes"
"636",636,"OH",2,"yes","Republican","Yes"
"637",637,"OH",3,"NAorMissing","NAorMissing","Yes"
"638",638,"OH",2,"no","NAorMissing","Yes"
"639",639,"OH",1,"yes","Democrat","Yes"
"640",640,"OH",3,"no","Other","Yes"
"641",641,"OH",3,"yes","Independent","Yes"
"642",642,"OH",3,"yes","Independent","Yes"
"643",643,"OH",2,"yes","Republican","Yes"
"644",644,"OH",2,"yes","Republican","Yes"
"645",645,"OH",3,"yes","Independent","Yes"
"646",646,"OH",2,"no","NAorMissing","Yes"
"647",647,"OH",3,"NAorMissing","NAorMissing","Yes"
"648",648,"OH",2,"yes","Independent","Yes"
"649",649,"OH",1,"yes","Republican","Yes"
"650",650,"OH",NA,"NAorMissing","NAorMissing","No"
"651",651,"OH",3,"yes","Independent","Yes"
"652",652,"OH",2,"yes","Republican","Yes"
"653",653,"OH",2,"NAorMissing","NAorMissing","Yes"
"654",654,"OH",3,"yes","Republican","Yes"
"655",655,"OH",2,"no","NAorMissing","Yes"
"656",656,"OH",3,"NAorMissing","NAorMissing","Yes"
"657",657,"OH",2,"yes","Democrat","Yes"
"658",658,"OH",2,"yes","Democrat","Yes"
"659",659,"OH",2,"yes","Independent","Yes"
"660",660,"OH",3,"yes","Independent","Yes"
"661",661,"OH",3,"yes","Republican","Yes"
"662",662,"OH",2,"yes","Independent","Yes"
"663",663,"OH",3,"NAorMissing","NAorMissing","Yes"
"664",664,"OH",3,"yes","Independent","Yes"
"665",665,"OH",1,"yes","Independent","Yes"
"666",666,"OH",3,"yes","Independent","Yes"
"667",667,"OH",1,"yes","Independent","Yes"
"668",668,"OH",1,"yes","Independent","Yes"
"669",669,"OH",2,"yes","Independent","Yes"
"670",670,"OH",NA,"yes","Independent","No"
"671",671,"OH",3,"NAorMissing","NAorMissing","Yes"
"672",672,"OH",1,"yes","Independent","Yes"
"673",673,"OH",NA,"yes","Independent","No"
"674",674,"OH",3,"NAorMissing","NAorMissing","Yes"
"675",675,"OH",3,"yes","Independent","Yes"
"676",676,"OH",3,"yes","Independent","Yes"
"677",677,"OH",3,"yes","Independent","Yes"
"678",678,"OH",NA,"no","NAorMissing","No"
"679",679,"OH",2,"yes","Democrat","Yes"
"680",680,"OH",2,"NAorMissing","NAorMissing","Yes"
"681",681,"OH",3,"yes","Democrat","Yes"
"682",682,"OH",1,"yes","Independent","Yes"
"683",683,"OH",3,"yes","Republican","Yes"
"684",684,"OH",3,"yes","Republican","Yes"
"685",685,"OH",2,"yes","Democrat","Yes"
"686",686,"OH",2,"yes","Independent","Yes"
"687",687,"OH",2,"yes","Democrat","Yes"
"688",688,"OH",3,"NAorMissing","NAorMissing","Yes"
"689",689,"OH",3,"yes","Democrat","Yes"
"690",690,"OH",3,"yes","Independent","Yes"
"691",691,"OH",2,"yes","Independent","Yes"
"692",692,"OH",3,"yes","Independent","Yes"
"693",693,"OH",3,"no","Other","Yes"
"694",694,"OH",1,"yes","Independent","Yes"
"695",695,"OH",2,"NAorMissing","NAorMissing","Yes"
"696",696,"OH",2,"yes","Democrat","Yes"
"697",697,"OH",3,"NAorMissing","NAorMissing","Yes"
"698",698,"OH",2,"yes","Republican","Yes"
"699",699,"OH",3,"yes","Democrat","Yes"
"700",700,"OH",2,"yes","Republican","Yes"
"701",701,"OH",3,"yes","Independent","Yes"
"702",702,"OH",2,"no","NAorMissing","Yes"
"703",703,"OH",3,"yes","Independent","Yes"
"704",704,"OH",2,"yes","Republican","Yes"
"705",705,"OH",1,"yes","Democrat","Yes"
"706",706,"OH",3,"yes","Independent","Yes"
"707",707,"OH",3,"yes","Independent","Yes"
"708",708,"OH",3,"yes","Democrat","Yes"
"709",709,"OH",2,"yes","Republican","Yes"
"710",710,"OH",1,"yes","Republican","Yes"
"711",711,"OH",1,"yes","Independent","Yes"
"712",712,"OH",1,"NAorMissing","NAorMissing","Yes"
"713",713,"OH",2,"yes","Republican","Yes"
"714",714,"OH",2,"yes","Democrat","Yes"
"715",715,"OH",2,"yes","Republican","Yes"
"716",716,"OH",2,"NAorMissing","NAorMissing","Yes"
"717",717,"OH",1,"yes","Republican","Yes"
"718",718,"OH",2,"yes","Democrat","Yes"
"719",719,"OH",3,"yes","Republican","Yes"
"720",720,"OH",1,"yes","Independent","Yes"
"721",721,"OH",1,"yes","Independent","Yes"
"722",722,"OH",1,"yes","Independent","Yes"
"723",723,"OH",3,"yes","Republican","Yes"
"724",724,"OH",1,"yes","Republican","Yes"
"725",725,"OH",2,"yes","Independent","Yes"
"726",726,"OH",3,"yes","Independent","Yes"
"727",727,"OH",2,"NAorMissing","NAorMissing","Yes"
"728",728,"OH",3,"yes","Democrat","Yes"
"729",729,"OH",2,"no","Other","Yes"
"730",730,"OH",3,"yes","Republican","Yes"
"731",731,"OH",2,"yes","Republican","Yes"
"732",732,"OH",3,"yes","Independent","Yes"
"733",733,"OH",3,"yes","Independent","Yes"
"734",734,"OH",3,"yes","Independent","Yes"
"735",735,"OH",3,"yes","Republican","Yes"
"736",736,"OH",1,"yes","Independent","Yes"
"737",737,"OH",2,"NAorMissing","NAorMissing","Yes"
"738",738,"OH",3,"yes","Republican","Yes"
"739",739,"OH",3,"NAorMissing","NAorMissing","Yes"
"740",740,"OH",3,"yes","Republican","Yes"
"741",741,"OH",2,"yes","Independent","Yes"
"742",742,"OH",3,"yes","Independent","Yes"
"743",743,"OH",3,"NAorMissing","NAorMissing","Yes"
"744",744,"OH",3,"yes","Independent","Yes"
"745",745,"OH",3,"yes","Independent","Yes"
"746",746,"OH",2,"yes","Democrat","Yes"
"747",747,"OH",3,"yes","Independent","Yes"
"748",748,"OH",3,"yes","Republican","Yes"
"749",749,"OH",3,"yes","Republican","Yes"
"750",750,"OH",1,"yes","Republican","Yes"
"751",751,"OH",2,"NAorMissing","NAorMissing","Yes"
"752",752,"OH",2,"yes","Republican","Yes"
"753",753,"OH",3,"yes","Democrat","Yes"
"754",754,"OH",1,"yes","Republican","Yes"
"755",755,"OH",3,"yes","Independent","Yes"
"756",756,"OH",3,"yes","Republican","Yes"
"757",757,"OH",2,"NAorMissing","NAorMissing","Yes"
"758",758,"OH",2,"yes","Independent","Yes"
"759",759,"OH",2,"yes","Independent","Yes"
"760",760,"OH",3,"yes","Independent","Yes"
"761",761,"OH",3,"yes","Independent","Yes"
"762",762,"OH",2,"yes","Republican","Yes"
"763",763,"OH",3,"NAorMissing","NAorMissing","Yes"
"764",764,"OH",2,"yes","Republican","Yes"
"765",765,"OH",2,"yes","Republican","Yes"
"766",766,"OH",1,"yes","Independent","Yes"
"767",767,"OH",1,"yes","Independent","Yes"
"768",768,"OH",1,"yes","Independent","Yes"
"769",769,"OH",2,"yes","Republican","Yes"
"770",770,"OH",2,"yes","Independent","Yes"
"771",771,"OH",2,"yes","Independent","Yes"
"772",772,"OH",3,"yes","Independent","Yes"
"773",773,"OH",3,"yes","Independent","Yes"
"774",774,"OH",2,"yes","Independent","Yes"
"775",775,"OH",3,"NAorMissing","NAorMissing","Yes"
"776",776,"OH",2,"yes","Independent","Yes"
"777",777,"OH",1,"NAorMissing","NAorMissing","Yes"
"778",778,"OH",2,"yes","Independent","Yes"
"779",779,"OH",1,"NAorMissing","NAorMissing","Yes"
"780",780,"OH",1,"yes","Republican","Yes"
"781",781,"OH",2,"NAorMissing","NAorMissing","Yes"
"782",782,"OH",1,"yes","Democrat","Yes"
"783",783,"OH",2,"yes","Democrat","Yes"
"784",784,"OH",1,"yes","Republican","Yes"
"785",785,"OH",1,"yes","Independent","Yes"
"786",786,"OH",1,"yes","Independent","Yes"
"787",787,"OH",2,"yes","Republican","Yes"
"788",788,"OH",2,"NAorMissing","NAorMissing","Yes"
"789",789,"OH",2,"yes","Independent","Yes"
"790",790,"OH",2,"NAorMissing","NAorMissing","Yes"
"791",791,"OH",2,"yes","Independent","Yes"
"792",792,"OH",2,"yes","Independent","Yes"
"793",793,"OH",3,"yes","Democrat","Yes"
"794",794,"OH",3,"no","NAorMissing","Yes"
"795",795,"OH",2,"NAorMissing","NAorMissing","Yes"
"796",796,"OH",3,"yes","Independent","Yes"
"797",797,"OH",2,"NAorMissing","NAorMissing","Yes"
"798",798,"OH",3,"yes","Republican","Yes"
"799",799,"OH",1,"yes","Republican","Yes"
"800",800,"OH",2,"yes","Democrat","Yes"
"801",801,"OH",2,"yes","Independent","Yes"
"802",802,"OH",1,"yes","Independent","Yes"
"803",803,"OH",3,"NAorMissing","NAorMissing","Yes"
"804",804,"OH",3,"yes","Republican","Yes"
"805",805,"OH",1,"NAorMissing","NAorMissing","Yes"
"806",806,"OH",2,"yes","Independent","Yes"
"807",807,"OH",2,"yes","Democrat","Yes"
"808",808,"OH",NA,"NAorMissing","NAorMissing","No"
"809",809,"OH",2,"yes","Independent","Yes"
"810",810,"OH",3,"NAorMissing","NAorMissing","Yes"
"811",811,"OH",2,"NAorMissing","NAorMissing","Yes"
"812",812,"OH",2,"yes","Republican","Yes"
"813",813,"OH",2,"NAorMissing","NAorMissing","Yes"
"814",814,"OH",2,"yes","Republican","Yes"
"815",815,"OH",1,"NAorMissing","NAorMissing","Yes"
"816",816,"OH",1,"yes","Republican","Yes"
"817",817,"OH",2,"NAorMissing","NAorMissing","Yes"
"818",818,"OH",NA,"NAorMissing","NAorMissing","No"
"819",819,"OH",2,"NAorMissing","NAorMissing","Yes"
"820",820,"OH",2,"yes","Independent","Yes"
"821",821,"OH",1,"yes","Independent","Yes"
"822",822,"OH",2,"NAorMissing","NAorMissing","Yes"
"823",823,"OH",3,"yes","Independent","Yes"
"824",824,"OH",2,"yes","Independent","Yes"
"825",825,"OH",1,"yes","Independent","Yes"
"826",826,"OH",3,"NAorMissing","NAorMissing","Yes"
"827",827,"OH",3,"yes","Independent","Yes"
"828",828,"OH",2,"yes","Republican","Yes"
"829",829,"OH",1,"yes","Independent","Yes"
"830",830,"OH",2,"NAorMissing","NAorMissing","Yes"
"831",831,"OH",1,"no","NAorMissing","Yes"
"832",832,"OH",3,"yes","Republican","Yes"
"833",833,"OH",3,"yes","Independent","Yes"
"834",834,"OH",2,"no","NAorMissing","Yes"
"835",835,"OH",NA,"yes","Independent","Yes"
"836",836,"OH",NA,"NAorMissing","NAorMissing","No"
"837",837,"OH",1,"NAorMissing","NAorMissing","Yes"
"838",838,"OH",1,"yes","Democrat","Yes"
"839",839,"OH",3,"yes","Democrat","Yes"
"840",840,"OH",2,"yes","Independent","Yes"
"841",841,"OH",3,"yes","Independent","Yes"
"842",842,"OH",2,"yes","Independent","Yes"
"843",843,"OH",1,"NAorMissing","NAorMissing","Yes"
"844",844,"OH",2,"yes","Independent","Yes"
"845",845,"OH",2,"yes","Independent","Yes"
"846",846,"OH",3,"NAorMissing","NAorMissing","Yes"
"847",847,"OH",1,"yes","Republican","Yes"
"848",848,"OH",2,"yes","Independent","Yes"
"849",849,"OH",2,"yes","Republican","Yes"
"850",850,"OH",3,"yes","Independent","Yes"
"851",851,"OH",1,"yes","Independent","Yes"
"852",852,"OH",3,"yes","Independent","Yes"
"853",853,"OH",3,"yes","Republican","Yes"
"854",854,"OH",2,"yes","Independent","Yes"
"855",855,"OH",2,"yes","Republican","Yes"
"856",856,"OH",NA,"NAorMissing","NAorMissing","DontKnow"
"857",857,"OH",3,"no","NAorMissing","Yes"
"858",858,"OH",2,"yes","Independent","Yes"
"859",859,"OH",NA,"NAorMissing","NAorMissing","No"
"860",860,"OH",3,"yes","Independent","Yes"
"861",861,"OH",2,"yes","Independent","Yes"
"862",862,"OH",2,"no","NAorMissing","Yes"
"863",863,"OH",2,"yes","Democrat","Yes"
"864",864,"OH",2,"NAorMissing","NAorMissing","Yes"
"865",865,"OH",1,"yes","Independent","Yes"
"866",866,"OH",1,"yes","Republican","Yes"
"867",867,"OH",2,"yes","Republican","Yes"
"868",868,"OH",1,"yes","Independent","Yes"
"869",869,"OH",2,"yes","Independent","Yes"
"870",870,"OH",2,"yes","Democrat","Yes"
"871",871,"OH",1,"NAorMissing","NAorMissing","Yes"
"872",872,"OH",2,"NAorMissing","NAorMissing","Yes"
"873",873,"OH",1,"yes","Republican","Yes"
"874",874,"OH",1,"NAorMissing","NAorMissing","Yes"
"875",875,"OH",2,"NAorMissing","NAorMissing","Yes"
"876",876,"OH",3,"yes","Independent","Yes"
"877",877,"OH",1,"yes","Democrat","Yes"
"878",878,"OH",1,"yes","Independent","Yes"
"879",879,"OH",3,"yes","Independent","Yes"
"880",880,"OH",2,"NAorMissing","NAorMissing","Yes"
"881",881,"OH",1,"yes","Independent","Yes"
"882",882,"OH",3,"yes","Independent","Yes"
"883",883,"OH",2,"yes","Democrat","Yes"
"884",884,"OH",2,"NAorMissing","NAorMissing","Yes"
"885",885,"OH",2,"yes","Independent","Yes"
"886",886,"OH",NA,"NAorMissing","NAorMissing","No"
"887",887,"OH",2,"NAorMissing","NAorMissing","Yes"
"888",888,"OH",3,"yes","Republican","Yes"
"889",889,"OH",3,"yes","Independent","Yes"
"890",890,"OH",NA,"NAorMissing","NAorMissing","No"
"891",891,"OH",1,"yes","Republican","Yes"
"892",892,"OH",3,"NAorMissing","NAorMissing","Yes"
"893",893,"OH",2,"yes","Republican","Yes"
"894",894,"OH",1,"NAorMissing","NAorMissing","Yes"
"895",895,"OH",2,"yes","Independent","Yes"
"896",896,"OH",2,"yes","Republican","Yes"
"897",897,"OH",2,"yes","Independent","Yes"
"898",898,"OH",2,"yes","Independent","Yes"
"899",899,"OH",3,"yes","Independent","Yes"
"900",900,"OH",4,"no","NAorMissing","Yes"
"901",901,"OH",1,"yes","Independent","Yes"
"902",902,"OH",2,"NAorMissing","NAorMissing","Yes"
"903",903,"OH",2,"yes","Independent","Yes"
"904",904,"OH",2,"NAorMissing","NAorMissing","Yes"
"905",905,"OH",3,"yes","Republican","Yes"
"906",906,"OH",3,"yes","Independent","Yes"
"907",907,"OH",2,"no","NAorMissing","Yes"
"908",908,"OH",2,"yes","Republican","Yes"
"909",909,"OH",NA,"NAorMissing","NAorMissing","No"
"910",910,"OH",1,"yes","Independent","Yes"
"911",911,"OH",1,"NAorMissing","NAorMissing","Yes"
"912",912,"OH",3,"yes","Independent","Yes"
"913",913,"OH",2,"yes","Independent","Yes"
"914",914,"OH",3,"yes","Republican","Yes"
"915",915,"OH",2,"yes","Independent","Yes"
"916",916,"OH",2,"NAorMissing","NAorMissing","Yes"
"917",917,"OH",1,"NAorMissing","NAorMissing","Yes"
"918",918,"OH",2,"yes","Republican","Yes"
"919",919,"OH",3,"yes","Independent","Yes"
"920",920,"OH",1,"NAorMissing","NAorMissing","Yes"
"921",921,"OH",3,"yes","Independent","Yes"
"922",922,"OH",1,"yes","Republican","Yes"
"923",923,"OH",2,"yes","Democrat","Yes"
"924",924,"OH",1,"no","NAorMissing","Yes"
"925",925,"OH",1,"yes","Independent","Yes"
"926",926,"OH",1,"yes","Republican","Yes"
"927",927,"OH",3,"yes","Independent","Yes"
"928",928,"OH",3,"yes","Republican","Yes"
"929",929,"OH",2,"yes","Independent","Yes"
"930",930,"OH",2,"NAorMissing","NAorMissing","Yes"
"931",931,"OH",3,"yes","Republican","Yes"
"932",932,"OH",2,"yes","Republican","Yes"
"933",933,"OH",1,"yes","Independent","Yes"
"934",934,"OH",3,"yes","Democrat","Yes"
"935",935,"OH",1,"yes","Republican","Yes"
"936",936,"OH",2,"NAorMissing","NAorMissing","Yes"
"937",937,"OH",3,"NAorMissing","NAorMissing","Yes"
"938",938,"OH",1,"yes","Independent","Yes"
"939",939,"OH",2,"yes","Republican","Yes"
"940",940,"OH",3,"yes","Independent","Yes"
"941",941,"OH",2,"yes","Democrat","Yes"
"942",942,"OH",NA,"NAorMissing","NAorMissing","No"
"943",943,"OH",3,"NAorMissing","NAorMissing","Yes"
"944",944,"OH",2,"yes","Independent","Yes"
"945",945,"OH",2,"yes","Independent","Yes"
"946",946,"OH",1,"yes","Republican","Yes"
"947",947,"OH",2,"yes","Republican","Yes"
"948",948,"OH",2,"NAorMissing","NAorMissing","Yes"
"949",949,"OH",3,"yes","Democrat","Yes"
"950",950,"OH",3,"yes","Independent","Yes"
"951",951,"OH",2,"NAorMissing","NAorMissing","Yes"
"952",952,"OH",2,"yes","Republican","Yes"
"953",953,"OH",2,"yes","Independent","Yes"
"954",954,"OH",2,"NAorMissing","NAorMissing","Yes"
"955",955,"OH",NA,"NAorMissing","NAorMissing","No"
"956",956,"OH",3,"yes","Republican","Yes"
"957",957,"OH",1,"yes","Independent","Yes"
"958",958,"OH",NA,"NAorMissing","NAorMissing","No"
"959",959,"OH",3,"yes","Independent","Yes"
"960",960,"OH",1,"yes","Republican","Yes"
"961",961,"OH",1,"yes","Independent","Yes"
"962",962,"OH",2,"yes","Republican","Yes"
"963",963,"OH",2,"yes","Democrat","Yes"
"964",964,"OH",3,"yes","Independent","Yes"
"965",965,"OH",1,"yes","Independent","Yes"
"966",966,"OH",3,"yes","Republican","Yes"
"967",967,"OH",1,"yes","Independent","Yes"
"968",968,"OH",3,"yes","Independent","Yes"
"969",969,"OH",3,"yes","Independent","Yes"
"970",970,"OH",1,"NAorMissing","NAorMissing","Yes"
"971",971,"OH",2,"yes","Independent","Yes"
"972",972,"OH",1,"NAorMissing","NAorMissing","Yes"
"973",973,"OH",2,"yes","Independent","Yes"
"974",974,"OH",3,"yes","Independent","Yes"
"975",975,"OH",2,"yes","Republican","Yes"
"976",976,"OH",2,"NAorMissing","NAorMissing","Yes"
"977",977,"OH",2,"yes","Independent","Yes"
"978",978,"OH",1,"NAorMissing","NAorMissing","Yes"
"979",979,"OH",2,"NAorMissing","NAorMissing","Yes"
"980",980,"OH",2,"yes","Democrat","Yes"
"981",981,"OH",1,"yes","Democrat","Yes"
"982",982,"OH",1,"yes","Republican","Yes"
"983",983,"OH",1,"NAorMissing","NAorMissing","Yes"
"984",984,"OH",3,"yes","Independent","Yes"
"985",985,"OH",2,"yes","Republican","Yes"
"986",986,"OH",3,"NAorMissing","NAorMissing","Yes"
"987",987,"OH",2,"yes","Republican","Yes"
"988",988,"OH",1,"yes","Independent","Yes"
"989",989,"OH",3,"yes","Independent","Yes"
"990",990,"OH",2,"NAorMissing","NAorMissing","Yes"
"991",991,"OH",1,"yes","Independent","Yes"
"992",992,"OH",1,"yes","Republican","Yes"
"993",993,"OH",1,"yes","Independent","Yes"
"994",994,"OH",NA,"no","Other","DontKnow"
"995",995,"OH",3,"yes","Independent","Yes"
"996",996,"OH",3,"NAorMissing","NAorMissing","Yes"
"997",997,"OH",3,"yes","Republican","Yes"
"998",998,"OH",2,"yes","Democrat","Yes"
"999",999,"OH",2,"yes","Democrat","Yes"
"1000",1000,"OH",2,"yes","Republican","Yes"
"1001",1001,"OH",1,"yes","Republican","Yes"
"1002",1002,"OH",2,"yes","Democrat","Yes"
"1003",1003,"OH",NA,"NAorMissing","NAorMissing","No"
"1004",1004,"OH",3,"yes","Republican","Yes"
"1005",1005,"OH",2,"yes","Independent","Yes"
"1006",1006,"OH",2,"yes","Republican","Yes"
"1007",1007,"OH",1,"yes","Independent","Yes"
"1008",1008,"OH",NA,"NAorMissing","NAorMissing","No"
"1009",1009,"OH",3,"yes","Republican","Yes"
"1010",1010,"OH",2,"NAorMissing","NAorMissing","Yes"
"1011",1011,"OH",2,"yes","Independent","Yes"
"1012",1012,"OH",2,"yes","Independent","Yes"
"1013",1013,"OH",1,"yes","Independent","Yes"
"1014",1014,"OH",3,"yes","Independent","Yes"
"1015",1015,"OH",2,"NAorMissing","NAorMissing","Yes"
"1016",1016,"OH",2,"yes","Independent","Yes"
"1017",1017,"OH",1,"yes","Independent","Yes"
"1018",1018,"OH",1,"NAorMissing","NAorMissing","Yes"
"1019",1019,"OH",1,"no","NAorMissing","Yes"
"1020",1020,"OH",3,"yes","Independent","Yes"
"1021",1021,"OH",3,"yes","Independent","Yes"
"1022",1022,"OH",3,"yes","Independent","Yes"
"1023",1023,"OH",2,"yes","Independent","Yes"
"1024",1024,"OH",2,"yes","Independent","Yes"
"1025",1025,"OH",1,"yes","Independent","Yes"
"1026",1026,"OH",1,"yes","Independent","Yes"
"1027",1027,"OH",2,"yes","Republican","Yes"
"1028",1028,"OH",1,"no","NAorMissing","Yes"
"1029",1029,"OH",3,"yes","Independent","Yes"
"1030",1030,"OH",1,"NAorMissing","NAorMissing","Yes"
"1031",1031,"OH",3,"yes","Independent","Yes"
"1032",1032,"OH",2,"NAorMissing","NAorMissing","Yes"
"1033",1033,"OH",1,"yes","Independent","Yes"
"1034",1034,"OH",2,"yes","Republican","Yes"
"1035",1035,"OH",3,"yes","Independent","Yes"
"1036",1036,"OH",1,"yes","Independent","Yes"
"1037",1037,"OH",2,"yes","Democrat","Yes"
"1038",1038,"OH",2,"yes","Democrat","Yes"
"1039",1039,"OH",2,"NAorMissing","NAorMissing","Yes"
"1040",1040,"OH",1,"yes","Independent","Yes"
"1041",1041,"OH",3,"yes","Independent","Yes"
"1042",1042,"OH",2,"yes","Independent","Yes"
"1043",1043,"OH",2,"yes","Independent","Yes"
"1044",1044,"OH",2,"NAorMissing","NAorMissing","Yes"
"1045",1045,"OH",1,"yes","Republican","Yes"
"1046",1046,"OH",2,"yes","Independent","Yes"
"1047",1047,"OH",1,"NAorMissing","NAorMissing","Yes"
"1048",1048,"OH",1,"NAorMissing","NAorMissing","Yes"
"1049",1049,"OH",2,"yes","Independent","Yes"
"1050",1050,"OH",2,"yes","Republican","Yes"
"1051",1051,"OH",2,"NAorMissing","NAorMissing","Yes"
"1052",1052,"OH",2,"yes","Independent","Yes"
"1053",1053,"OH",4,"yes","Independent","Yes"
"1054",1054,"OH",2,"NAorMissing","NAorMissing","Yes"
"1055",1055,"OH",1,"yes","Independent","Yes"
"1056",1056,"OH",2,"yes","Democrat","Yes"
"1057",1057,"OH",3,"yes","Independent","Yes"
"1058",1058,"OH",2,"yes","Independent","Yes"
"1059",1059,"OH",4,"yes","Republican","Yes"
"1060",1060,"OH",2,"NAorMissing","NAorMissing","Yes"
"1061",1061,"OH",2,"yes","Republican","Yes"
"1062",1062,"OH",1,"no","Republican","Yes"
"1063",1063,"OH",3,"yes","Independent","Yes"
"1064",1064,"OH",3,"yes","Independent","Yes"
"1065",1065,"OH",2,"yes","Independent","Yes"
"1066",1066,"OH",2,"yes","Republican","Yes"
"1067",1067,"OH",2,"yes","Republican","Yes"
"1068",1068,"OH",3,"yes","Independent","Yes"
"1069",1069,"OH",2,"NAorMissing","NAorMissing","Yes"
"1070",1070,"OH",3,"yes","Republican","Yes"
"1071",1071,"OH",3,"yes","Independent","Yes"
"1072",1072,"OH",3,"yes","Democrat","Yes"
"1073",1073,"OH",3,"yes","Independent","Yes"
"1074",1074,"OH",3,"yes","Republican","Yes"
"1075",1075,"OH",1,"no","NAorMissing","Yes"
"1076",1076,"OH",1,"NAorMissing","NAorMissing","Yes"
"1077",1077,"OH",1,"NAorMissing","NAorMissing","Yes"
"1078",1078,"OH",2,"NAorMissing","NAorMissing","Yes"
"1079",1079,"OH",3,"yes","Independent","Yes"
"1080",1080,"OH",2,"yes","Independent","Yes"
"1081",1081,"OH",2,"NAorMissing","NAorMissing","Yes"
"1082",1082,"OH",1,"yes","Independent","Yes"
"1083",1083,"OH",1,"yes","Republican","Yes"
"1084",1084,"OH",2,"NAorMissing","NAorMissing","Yes"
"1085",1085,"OH",2,"yes","Republican","Yes"
"1086",1086,"OH",1,"NAorMissing","NAorMissing","Yes"
"1087",1087,"OH",2,"NAorMissing","NAorMissing","Yes"
"1088",1088,"OH",2,"yes","Independent","Yes"
"1089",1089,"OH",2,"NAorMissing","NAorMissing","Yes"
"1090",1090,"OH",2,"yes","Democrat","Yes"
"1091",1091,"OH",3,"yes","Independent","Yes"
"1092",1092,"OH",2,"yes","Independent","Yes"
"1093",1093,"OH",1,"yes","Independent","Yes"
"1094",1094,"OH",2,"yes","Independent","Yes"
"1095",1095,"OH",3,"yes","Republican","Yes"
"1096",1096,"OH",3,"yes","Republican","Yes"
"1097",1097,"OH",2,"yes","Republican","Yes"
"1098",1098,"OH",2,"yes","Democrat","Yes"
"1099",1099,"OH",3,"NAorMissing","NAorMissing","Yes"
"1100",1100,"OH",3,"yes","Independent","Yes"
"1101",1101,"OH",1,"yes","Republican","Yes"
"1102",1102,"OH",2,"NAorMissing","NAorMissing","Yes"
"1103",1103,"OH",1,"no","NAorMissing","Yes"
"1104",1104,"OH",2,"yes","Democrat","Yes"
"1105",1105,"OH",2,"yes","Democrat","Yes"
"1106",1106,"OH",3,"yes","Independent","Yes"
"1107",1107,"OH",3,"NAorMissing","NAorMissing","Yes"
"1108",1108,"OH",3,"yes","Republican","Yes"
"1109",1109,"OH",3,"yes","Independent","Yes"
"1110",1110,"OH",2,"no","Independent","Yes"
"1111",1111,"OH",3,"yes","Independent","Yes"
"1112",1112,"OH",3,"yes","Republican","Yes"
"1113",1113,"OH",3,"no","NAorMissing","Yes"
"1114",1114,"OH",NA,"NAorMissing","NAorMissing","No"
"1115",1115,"OH",2,"NAorMissing","NAorMissing","Yes"
"1116",1116,"OH",1,"NAorMissing","NAorMissing","Yes"
"1117",1117,"OH",2,"yes","Independent","Yes"
"1118",1118,"OH",1,"yes","Independent","Yes"
"1119",1119,"OH",3,"NAorMissing","NAorMissing","Yes"
"1120",1120,"OH",1,"yes","Democrat","Yes"
"1121",1121,"OH",2,"NAorMissing","NAorMissing","Yes"
"1122",1122,"OH",2,"yes","Independent","Yes"
"1123",1123,"OH",1,"yes","Independent","Yes"
"1124",1124,"OH",1,"no","NAorMissing","Yes"
"1125",1125,"OH",2,"yes","Republican","Yes"
"1126",1126,"OH",NA,"yes","Republican","Yes"
"1127",1127,"OH",2,"yes","Independent","Yes"
"1128",1128,"OH",2,"yes","Independent","Yes"
"1129",1129,"OH",NA,"yes","Independent","Yes"
"1130",1130,"OH",2,"yes","Republican","Yes"
"1131",1131,"OH",1,"yes","Independent","Yes"
"1132",1132,"OH",2,"NAorMissing","NAorMissing","Yes"
"1133",1133,"OH",3,"yes","Independent","Yes"
"1134",1134,"OH",2,"yes","Republican","Yes"
"1135",1135,"OH",2,"yes","Democrat","Yes"
"1136",1136,"OH",2,"NAorMissing","NAorMissing","Yes"
"1137",1137,"OH",2,"yes","Republican","Yes"
"1138",1138,"OH",2,"NAorMissing","NAorMissing","Yes"
"1139",1139,"OH",2,"yes","Democrat","Yes"
"1140",1140,"OH",2,"NAorMissing","NAorMissing","Yes"
"1141",1141,"OH",1,"yes","Republican","Yes"
"1142",1142,"OH",3,"yes","Independent","Yes"
"1143",1143,"OH",3,"yes","Republican","Yes"
"1144",1144,"OH",2,"yes","Independent","Yes"
"1145",1145,"OH",2,"yes","Independent","Yes"
"1146",1146,"OH",NA,"NAorMissing","NAorMissing","No"
"1147",1147,"OH",2,"yes","Independent","Yes"
"1148",1148,"OH",NA,"NAorMissing","NAorMissing","No"
"1149",1149,"OH",2,"yes","Independent","Yes"
"1150",1150,"OH",3,"yes","Republican","Yes"
"1151",1151,"OH",1,"no","NAorMissing","Yes"
"1152",1152,"OH",1,"yes","Republican","Yes"
"1153",1153,"OH",2,"NAorMissing","NAorMissing","Yes"
"1154",1154,"OH",3,"yes","Republican","Yes"
"1155",1155,"OH",1,"yes","Independent","Yes"
"1156",1156,"OH",3,"yes","Independent","Yes"
"1157",1157,"OH",NA,"no","NAorMissing","No"
"1158",1158,"OH",2,"yes","Democrat","Yes"
"1159",1159,"OH",3,"NAorMissing","NAorMissing","Yes"
"1160",1160,"OH",3,"NAorMissing","NAorMissing","Yes"
"1161",1161,"OH",2,"yes","Independent","Yes"
"1162",1162,"OH",3,"yes","Independent","Yes"
"1163",1163,"OH",2,"NAorMissing","NAorMissing","Yes"
"1164",1164,"OH",3,"yes","Independent","Yes"
"1165",1165,"OH",NA,"NAorMissing","NAorMissing","No"
"1166",1166,"OH",2,"yes","Independent","Yes"
"1167",1167,"OH",2,"NAorMissing","NAorMissing","Yes"
"1168",1168,"OH",3,"yes","Independent","Yes"
"1169",1169,"OH",2,"NAorMissing","NAorMissing","Yes"
"1170",1170,"OH",3,"NAorMissing","NAorMissing","Yes"
"1171",1171,"OH",1,"yes","Independent","Yes"
"1172",1172,"OH",3,"yes","Independent","Yes"
"1173",1173,"OH",2,"NAorMissing","NAorMissing","Yes"
"1174",1174,"OH",1,"yes","Independent","Yes"
"1175",1175,"OH",1,"NAorMissing","NAorMissing","Yes"
"1176",1176,"OH",1,"yes","Independent","Yes"
"1177",1177,"OH",3,"yes","Independent","Yes"
"1178",1178,"OH",3,"yes","Independent","Yes"
"1179",1179,"OH",NA,"NAorMissing","NAorMissing","No"
"1180",1180,"OH",2,"NAorMissing","NAorMissing","Yes"
"1181",1181,"OH",1,"yes","Republican","Yes"
"1182",1182,"OH",3,"yes","Independent","Yes"
"1183",1183,"OH",2,"NAorMissing","NAorMissing","Yes"
"1184",1184,"OH",1,"yes","Independent","Yes"
"1185",1185,"OH",2,"yes","Independent","Yes"
"1186",1186,"OH",3,"yes","Independent","Yes"
"1187",1187,"OH",2,"NAorMissing","NAorMissing","Yes"
"1188",1188,"OH",1,"yes","Independent","Yes"
"1189",1189,"OH",3,"yes","Independent","Yes"
"1190",1190,"OH",1,"yes","Independent","Yes"
"1191",1191,"OH",3,"NAorMissing","NAorMissing","Yes"
"1192",1192,"OH",2,"yes","Independent","Yes"
"1193",1193,"OH",3,"NAorMissing","NAorMissing","Yes"
"1194",1194,"OH",3,"yes","Independent","Yes"
"1195",1195,"OH",2,"yes","Republican","Yes"
"1196",1196,"OH",3,"yes","Independent","Yes"
"1197",1197,"OH",2,"yes","Republican","Yes"
"1198",1198,"OH",1,"yes","Independent","Yes"
"1199",1199,"OH",3,"yes","Republican","Yes"
"1200",1200,"OH",1,"NAorMissing","NAorMissing","Yes"
"1201",1201,"OH",2,"NAorMissing","NAorMissing","Yes"
"1202",1202,"OH",2,"yes","Independent","Yes"
"1203",1203,"OH",2,"yes","Independent","Yes"
"1204",1204,"OH",1,"NAorMissing","NAorMissing","Yes"
"1205",1205,"OH",2,"yes","Republican","Yes"
"1206",1206,"OH",NA,"yes","Republican","No"
"1207",1207,"OH",NA,"NAorMissing","NAorMissing","No"
"1208",1208,"OH",2,"yes","Republican","Yes"
"1209",1209,"OH",1,"NAorMissing","NAorMissing","Yes"
"1210",1210,"OH",NA,"NAorMissing","NAorMissing","No"
"1211",1211,"OH",2,"yes","Independent","Yes"
"1212",1212,"OH",3,"yes","Republican","Yes"
"1213",1213,"OH",1,"yes","Independent","Yes"
"1214",1214,"OH",2,"yes","Independent","Yes"
"1215",1215,"OH",2,"yes","Independent","Yes"
"1216",1216,"OH",3,"yes","Independent","Yes"
"1217",1217,"OH",1,"yes","Republican","Yes"
"1218",1218,"OH",2,"NAorMissing","NAorMissing","Yes"
"1219",1219,"OH",2,"yes","Democrat","Yes"
"1220",1220,"OH",2,"yes","Republican","Yes"
"1221",1221,"OH",2,"yes","Independent","Yes"
"1222",1222,"OH",NA,"NAorMissing","NAorMissing","No"
"1223",1223,"OH",2,"yes","Independent","Yes"
"1224",1224,"OH",2,"yes","Independent","Yes"
"1225",1225,"OH",1,"yes","Independent","Yes"
"1226",1226,"OH",1,"yes","Democrat","Yes"
"1227",1227,"OH",2,"yes","NAorMissing","Yes"
"1228",1228,"OH",2,"yes","Republican","Yes"
"1229",1229,"OH",2,"yes","Democrat","Yes"
"1230",1230,"OH",2,"yes","Independent","Yes"
"1231",1231,"OH",1,"yes","Republican","Yes"
"1232",1232,"OH",3,"no","NAorMissing","Yes"
"1233",1233,"OH",2,"yes","Republican","Yes"
"1234",1234,"OH",2,"no","NAorMissing","Yes"
"1235",1235,"OH",1,"yes","Republican","Yes"
"1236",1236,"OH",2,"yes","Independent","Yes"
"1237",1237,"OH",1,"yes","Republican","Yes"
"1238",1238,"OH",3,"yes","Republican","Yes"
"1239",1239,"OH",1,"no","NAorMissing","Yes"
"1240",1240,"OH",NA,"yes","Independent","No"
"1241",1241,"OH",2,"yes","Independent","Yes"
"1242",1242,"OH",NA,"no","Other","DontKnow"
"1243",1243,"OH",3,"no","NAorMissing","Yes"
"1244",1244,"OH",3,"yes","Republican","Yes"
"1245",1245,"OH",NA,"NAorMissing","NAorMissing","No"
"1246",1246,"OH",NA,"NAorMissing","NAorMissing","No"
"1247",1247,"OH",2,"yes","Independent","Yes"
"1248",1248,"OH",3,"yes","Republican","Yes"
"1249",1249,"OH",2,"yes","Republican","Yes"
"1250",1250,"OH",NA,"no","NAorMissing","No"
"1251",1251,"OH",3,"yes","Independent","Yes"
"1252",1252,"OH",1,"no","NAorMissing","Yes"
"1253",1253,"OH",1,"NAorMissing","NAorMissing","Yes"
"1254",1254,"OH",3,"yes","Independent","Yes"
"1255",1255,"OH",2,"yes","Independent","Yes"
"1256",1256,"OH",3,"NAorMissing","NAorMissing","Yes"
"1257",1257,"OH",NA,"NAorMissing","NAorMissing","No"
"1258",1258,"OH",2,"NAorMissing","NAorMissing","Yes"
"1259",1259,"OH",3,"NAorMissing","NAorMissing","Yes"
"1260",1260,"OH",2,"NAorMissing","NAorMissing","Yes"
"1261",1261,"OH",2,"NAorMissing","NAorMissing","Yes"
"1262",1262,"OH",3,"yes","Independent","Yes"
"1263",1263,"OH",4,"NAorMissing","NAorMissing","Yes"
"1264",1264,"OH",2,"yes","Independent","Yes"
"1265",1265,"OH",3,"yes","Independent","Yes"
"1266",1266,"OH",1,"yes","Republican","Yes"
"1267",1267,"OH",1,"no","NAorMissing","Yes"
"1268",1268,"OH",2,"yes","Independent","Yes"
"1269",1269,"OH",NA,"no","Republican","No"
"1270",1270,"OH",2,"no","NAorMissing","Yes"
"1271",1271,"OH",3,"yes","Republican","Yes"
"1272",1272,"OH",1,"no","NAorMissing","Yes"
"1273",1273,"OH",1,"yes","Independent","Yes"
"1274",1274,"OH",2,"yes","Republican","Yes"
"1275",1275,"OH",NA,"NAorMissing","NAorMissing","No"
"1276",1276,"OH",1,"yes","Independent","Yes"
"1277",1277,"OH",1,"yes","Democrat","Yes"
"1278",1278,"OH",1,"yes","Independent","Yes"
"1279",1279,"OH",2,"yes","Democrat","Yes"
"1280",1280,"OH",1,"yes","Republican","Yes"
"1281",1281,"OH",1,"yes","Independent","Yes"
"1282",1282,"OH",NA,"NAorMissing","NAorMissing","No"
"1283",1283,"OH",3,"yes","Independent","Yes"
"1284",1284,"OH",2,"yes","Independent","Yes"
"1285",1285,"OH",3,"yes","Republican","Yes"
"1286",1286,"OH",2,"yes","Independent","Yes"
"1287",1287,"OH",1,"yes","Republican","Yes"
"1288",1288,"OH",3,"no","NAorMissing","Yes"
"1289",1289,"OH",2,"yes","Republican","Yes"
"1290",1290,"OH",2,"yes","Republican","Yes"
"1291",1291,"OH",3,"yes","Independent","Yes"
"1292",1292,"OH",2,"yes","Republican","Yes"
"1293",1293,"OH",3,"yes","Independent","Yes"
"1294",1294,"OH",3,"no","Other","Yes"
"1295",1295,"OH",2,"yes","Democrat","Yes"
"1296",1296,"OH",3,"NAorMissing","NAorMissing","Yes"
"1297",1297,"OH",3,"yes","Independent","Yes"
"1298",1298,"OH",3,"yes","Independent","Yes"
"1299",1299,"OH",NA,"yes","Republican","DontKnow"
"1300",1300,"OH",1,"NAorMissing","NAorMissing","Yes"
"1301",1301,"OH",3,"NAorMissing","NAorMissing","Yes"
"1302",1302,"OH",2,"yes","Republican","Yes"
"1303",1303,"OH",3,"yes","Republican","Yes"
"1304",1304,"OH",3,"yes","Independent","Yes"
"1305",1305,"OH",2,"yes","Republican","Yes"
"1306",1306,"OH",1,"yes","Independent","Yes"
"1307",1307,"OH",1,"yes","Independent","Yes"
"1308",1308,"OH",2,"yes","Republican","Yes"
"1309",1309,"OH",3,"yes","Independent","Yes"
"1310",1310,"OH",2,"yes","Independent","Yes"
"1311",1311,"OH",1,"yes","Independent","Yes"
"1312",1312,"OH",2,"yes","Republican","Yes"
"1313",1313,"OH",2,"yes","Independent","Yes"
"1314",1314,"OH",3,"yes","Republican","Yes"
"1315",1315,"OH",3,"yes","Republican","Yes"
"1316",1316,"OH",NA,"NAorMissing","NAorMissing","No"
"1317",1317,"OH",2,"yes","Independent","Yes"
"1318",1318,"OH",2,"yes","Independent","Yes"
"1319",1319,"OH",2,"yes","Republican","Yes"
"1320",1320,"OH",2,"yes","Independent","Yes"
"1321",1321,"OH",3,"yes","Republican","Yes"
"1322",1322,"OH",2,"NAorMissing","NAorMissing","Yes"
"1323",1323,"OH",3,"yes","Democrat","Yes"
"1324",1324,"OH",2,"yes","Republican","Yes"
"1325",1325,"OH",3,"yes","Democrat","Yes"
"1326",1326,"OH",3,"yes","Independent","Yes"
"1327",1327,"OH",3,"yes","Republican","Yes"
"1328",1328,"OH",3,"yes","Republican","Yes"
"1329",1329,"OH",1,"yes","Independent","Yes"
"1330",1330,"OH",2,"yes","Republican","Yes"
"1331",1331,"OH",3,"yes","Republican","Yes"
"1332",1332,"OH",3,"yes","Independent","Yes"
"1333",1333,"OH",3,"no","NAorMissing","Yes"
"1334",1334,"OH",1,"yes","Independent","Yes"
"1335",1335,"OH",1,"yes","Independent","Yes"
"1336",1336,"OH",1,"yes","Republican","Yes"
"1337",1337,"OH",2,"yes","Republican","Yes"
"1338",1338,"OH",3,"yes","Republican","Yes"
"1339",1339,"OH",1,"yes","Independent","Yes"
"1340",1340,"OH",2,"yes","Independent","Yes"
"1341",1341,"OH",1,"NAorMissing","NAorMissing","Yes"
"1342",1342,"OH",2,"yes","Independent","Yes"
"1343",1343,"OH",3,"yes","Independent","Yes"
"1344",1344,"OH",1,"yes","Republican","Yes"
"1345",1345,"OH",2,"NAorMissing","NAorMissing","Yes"
"1346",1346,"OH",3,"yes","Independent","Yes"
"1347",1347,"OH",2,"yes","Democrat","Yes"
"1348",1348,"OH",3,"no","NAorMissing","Yes"
"1349",1349,"OH",2,"yes","Independent","Yes"
"1350",1350,"OH",1,"yes","Republican","Yes"
"1351",1351,"OH",2,"yes","Republican","Yes"
"1352",1352,"OH",3,"yes","Independent","Yes"
"1353",1353,"OH",3,"yes","Republican","Yes"
"1354",1354,"OH",1,"no","NAorMissing","Yes"
"1355",1355,"OH",1,"NAorMissing","NAorMissing","Yes"
"1356",1356,"OH",2,"yes","Republican","Yes"
"1357",1357,"OH",2,"yes","Independent","Yes"
"1358",1358,"OH",1,"yes","Republican","Yes"
"1359",1359,"OH",3,"yes","Republican","Yes"
"1360",1360,"OH",NA,"NAorMissing","NAorMissing","No"
"1361",1361,"OH",NA,"no","NAorMissing","DontKnow"
"1362",1362,"OH",NA,"NAorMissing","NAorMissing","No"
"1363",1363,"OH",3,"yes","Independent","Yes"
"1364",1364,"OH",3,"yes","Democrat","Yes"
"1365",1365,"OH",1,"NAorMissing","NAorMissing","Yes"
"1366",1366,"OH",3,"NAorMissing","NAorMissing","Yes"
"1367",1367,"OH",2,"yes","Independent","Yes"
"1368",1368,"OH",2,"NAorMissing","NAorMissing","Yes"
"1369",1369,"OH",2,"yes","Independent","Yes"
"1370",1370,"OH",2,"yes","Independent","Yes"
"1371",1371,"OH",1,"yes","Independent","Yes"
"1372",1372,"OH",3,"yes","Republican","Yes"
"1373",1373,"OH",3,"yes","Independent","Yes"
"1374",1374,"OH",NA,"NAorMissing","NAorMissing","No"
"1375",1375,"OH",NA,"NAorMissing","NAorMissing","DontKnow"
"1376",1376,"OH",NA,"no","NAorMissing","No"
"1377",1377,"OH",2,"yes","Independent","Yes"
"1378",1378,"OH",2,"NAorMissing","NAorMissing","Yes"
"1379",1379,"OH",1,"yes","Republican","Yes"
"1380",1380,"OH",4,"yes","Republican","Yes"
"1381",1381,"OH",1,"yes","Republican","Yes"
"1382",1382,"OH",2,"yes","Independent","Yes"
"1383",1383,"OH",3,"yes","Independent","Yes"
"1384",1384,"OH",3,"yes","Independent","Yes"
"1385",1385,"OH",1,"NAorMissing","NAorMissing","Yes"
"1386",1386,"OH",4,"NAorMissing","NAorMissing","Yes"
"1387",1387,"OH",1,"yes","Independent","Yes"
"1388",1388,"OH",NA,"NAorMissing","NAorMissing","No"
"1389",1389,"OH",3,"yes","Independent","Yes"
"1390",1390,"OH",3,"yes","Republican","Yes"
"1391",1391,"OH",1,"yes","Democrat","Yes"
"1392",1392,"OH",1,"yes","Independent","Yes"
"1393",1393,"OH",3,"yes","Independent","Yes"
"1394",1394,"OH",2,"yes","Independent","Yes"
"1395",1395,"OH",NA,"NAorMissing","NAorMissing","No"
"1396",1396,"OH",1,"yes","Republican","Yes"
"1397",1397,"OH",1,"yes","Democrat","Yes"
"1398",1398,"OH",2,"NAorMissing","NAorMissing","Yes"
"1399",1399,"OH",1,"yes","Independent","Yes"
"1400",1400,"OH",2,"yes","Independent","Yes"
"1401",1401,"OH",3,"yes","Independent","Yes"
"1402",1402,"OH",4,"no","NAorMissing","Yes"
"1403",1403,"OH",1,"yes","Independent","Yes"
"1404",1404,"OH",2,"no","NAorMissing","Yes"
"1405",1405,"OH",3,"yes","Independent","Yes"
"1406",1406,"OH",3,"yes","Independent","Yes"
"1407",1407,"OH",1,"yes","Democrat","Yes"
"1408",1408,"OH",3,"yes","Independent","Yes"
"1409",1409,"OH",4,"yes","Independent","Yes"
"1410",1410,"OH",NA,"NAorMissing","NAorMissing","No"
"1411",1411,"OH",1,"yes","Democrat","Yes"
"1412",1412,"OH",2,"NAorMissing","NAorMissing","Yes"
"1413",1413,"OH",4,"yes","Independent","Yes"
"1414",1414,"OH",3,"yes","Independent","Yes"
"1415",1415,"OH",NA,"NAorMissing","NAorMissing","No"
"1416",1416,"OH",2,"yes","Democrat","Yes"
"1417",1417,"OH",3,"yes","Independent","Yes"
"1418",1418,"OH",2,"yes","Independent","Yes"
"1419",1419,"OH",1,"yes","Independent","Yes"
"1420",1420,"OH",3,"yes","Republican","Yes"
"1421",1421,"OH",2,"yes","Republican","Yes"
"1422",1422,"OH",3,"yes","Independent","Yes"
"1423",1423,"OH",2,"yes","Republican","Yes"
"1424",1424,"OH",2,"NAorMissing","NAorMissing","Yes"
"1425",1425,"OH",1,"yes","Democrat","Yes"
"1426",1426,"OH",NA,"NAorMissing","NAorMissing","No"
"1427",1427,"OH",3,"yes","Independent","Yes"
"1428",1428,"OH",1,"yes","Democrat","Yes"
"1429",1429,"OH",2,"yes","Independent","Yes"
"1430",1430,"OH",3,"yes","Republican","Yes"
"1431",1431,"OH",3,"yes","Republican","Yes"
"1432",1432,"OH",2,"yes","Independent","Yes"
"1433",1433,"OH",1,"yes","Republican","Yes"
"1434",1434,"OH",2,"NAorMissing","NAorMissing","Yes"
"1435",1435,"OH",2,"yes","Independent","Yes"
"1436",1436,"OH",2,"yes","Independent","Yes"
"1437",1437,"OH",2,"no","NAorMissing","Yes"
"1438",1438,"OH",2,"yes","Independent","Yes"
"1439",1439,"OH",2,"yes","Republican","Yes"
"1440",1440,"OH",3,"yes","Democrat","Yes"
"1441",1441,"OH",2,"yes","Republican","Yes"
"1442",1442,"OH",1,"yes","Independent","Yes"
"1443",1443,"OH",3,"yes","Republican","Yes"
"1444",1444,"OH",1,"yes","Independent","Yes"
"1445",1445,"OH",1,"yes","Democrat","Yes"
"1446",1446,"OH",2,"yes","Independent","Yes"
"1447",1447,"OH",2,"yes","Independent","Yes"
"1448",1448,"OH",1,"yes","Independent","Yes"
"1449",1449,"OH",2,"yes","Independent","Yes"
"1450",1450,"OH",1,"yes","Democrat","Yes"
"1451",1451,"OH",1,"yes","Independent","Yes"
"1452",1452,"OH",3,"yes","Independent","Yes"
"1453",1453,"OH",NA,"NAorMissing","NAorMissing","No"
"1454",1454,"OH",1,"yes","Independent","Yes"
"1455",1455,"OH",NA,"NAorMissing","NAorMissing","No"
"1456",1456,"OH",1,"yes","Independent","Yes"
"1457",1457,"OH",1,"yes","Republican","Yes"
"1458",1458,"OH",1,"yes","Republican","Yes"
"1459",1459,"OH",2,"yes","Independent","Yes"
"1460",1460,"OH",1,"yes","Independent","Yes"
"1461",1461,"OH",2,"yes","Republican","Yes"
"1462",1462,"OH",3,"yes","Republican","Yes"
"1463",1463,"OH",NA,"NAorMissing","NAorMissing","No"
"1464",1464,"OH",2,"NAorMissing","NAorMissing","Yes"
"1465",1465,"OH",2,"yes","Democrat","Yes"
"1466",1466,"OH",1,"yes","Independent","Yes"
"1467",1467,"OH",NA,"NAorMissing","NAorMissing","No"
"1468",1468,"OH",1,"yes","Independent","Yes"
"1469",1469,"OH",1,"yes","Independent","Yes"
"1470",1470,"OH",1,"yes","Republican","Yes"
"1471",1471,"OH",2,"yes","Independent","Yes"
"1472",1472,"OH",NA,"NAorMissing","NAorMissing","No"
"1473",1473,"OH",2,"yes","Republican","Yes"
"1474",1474,"OH",1,"NAorMissing","NAorMissing","Yes"
"1475",1475,"OH",2,"NAorMissing","NAorMissing","Yes"
"1476",1476,"OH",1,"NAorMissing","NAorMissing","Yes"
"1477",1477,"OH",2,"yes","Independent","Yes"
"1478",1478,"OH",2,"yes","Republican","Yes"
"1479",1479,"OH",2,"yes","Independent","Yes"
"1480",1480,"OH",NA,"NAorMissing","NAorMissing","No"
"1481",1481,"OH",NA,"NAorMissing","NAorMissing","No"
"1482",1482,"OH",2,"yes","Republican","Yes"
"1483",1483,"OH",1,"yes","Independent","Yes"
"1484",1484,"OH",NA,"NAorMissing","NAorMissing","No"
"1485",1485,"OH",3,"yes","Independent","Yes"
"1486",1486,"OH",2,"NAorMissing","NAorMissing","Yes"
"1487",1487,"OH",2,"yes","Democrat","Yes"
"1488",1488,"OH",1,"NAorMissing","NAorMissing","Yes"
"1489",1489,"OH",3,"NAorMissing","NAorMissing","Yes"
"1490",1490,"OH",1,"no","NAorMissing","Yes"
"1491",1491,"OH",3,"yes","Republican","Yes"
"1492",1492,"OH",1,"yes","Independent","Yes"
"1493",1493,"OH",1,"yes","Independent","Yes"
"1494",1494,"OH",3,"yes","Republican","Yes"
"1495",1495,"OH",NA,"NAorMissing","NAorMissing","No"
"1496",1496,"OH",2,"yes","Democrat","Yes"
"1497",1497,"OH",NA,"NAorMissing","NAorMissing","No"
"1498",1498,"OH",1,"yes","Independent","Yes"
"1499",1499,"OH",3,"yes","Independent","Yes"
"1500",1500,"OH",1,"yes","Independent","Yes"
"1501",1501,"OH",1,"yes","Independent","Yes"
"1502",1502,"OH",2,"NAorMissing","NAorMissing","Yes"
"1503",1503,"OH",NA,"NAorMissing","NAorMissing","No"
"1504",1504,"OH",1,"yes","Republican","Yes"
"1505",1505,"OH",3,"yes","Independent","Yes"
"1506",1506,"OH",1,"yes","Independent","Yes"
"1507",1507,"OH",2,"yes","Independent","Yes"
"1508",1508,"OH",1,"yes","Independent","Yes"
"1509",1509,"OH",2,"yes","Independent","Yes"
"1510",1510,"OH",NA,"NAorMissing","NAorMissing","No"
"1511",1511,"OH",2,"yes","Independent","Yes"
"1512",1512,"OH",2,"yes","Independent","Yes"
"1513",1513,"OH",3,"NAorMissing","NAorMissing","Yes"
"1514",1514,"OH",2,"yes","Independent","Yes"
"1515",1515,"OH",3,"yes","Republican","Yes"
"1516",1516,"OH",2,"yes","Independent","Yes"
"1517",1517,"OH",3,"yes","Independent","Yes"
"1518",1518,"OH",2,"yes","Independent","Yes"
"1519",1519,"OH",3,"yes","Independent","Yes"
"1520",1520,"OH",3,"NAorMissing","NAorMissing","Yes"
"1521",1521,"OH",3,"NAorMissing","NAorMissing","Yes"
"1522",1522,"OH",4,"yes","Republican","Yes"
"1523",1523,"OH",2,"yes","Independent","Yes"
"1524",1524,"OH",1,"yes","Independent","Yes"
"1525",1525,"OH",3,"no","Other","Yes"
"1526",1526,"OH",NA,"NAorMissing","NAorMissing","No"
"1527",1527,"OH",1,"yes","Independent","Yes"
"1528",1528,"OH",1,"yes","Republican","Yes"
"1529",1529,"OH",3,"yes","Independent","Yes"
"1530",1530,"OH",1,"yes","Independent","Yes"
"1531",1531,"OH",2,"yes","Independent","Yes"
"1532",1532,"OH",4,"yes","Independent","Yes"
"1533",1533,"OH",2,"yes","Independent","Yes"
"1534",1534,"OH",3,"yes","Independent","Yes"
"1535",1535,"OH",2,"yes","Independent","Yes"
"1536",1536,"OH",1,"yes","Independent","Yes"
"1537",1537,"OH",3,"yes","Independent","Yes"
"1538",1538,"OH",2,"NAorMissing","NAorMissing","Yes"
"1539",1539,"OH",3,"yes","Independent","Yes"
"1540",1540,"OH",1,"yes","Independent","Yes"
"1541",1541,"OH",2,"yes","Independent","Yes"
"1542",1542,"OH",3,"yes","Independent","Yes"
"1543",1543,"OH",2,"yes","Republican","Yes"
"1544",1544,"OH",2,"NAorMissing","NAorMissing","Yes"
"1545",1545,"OH",2,"yes","Independent","Yes"
"1546",1546,"OH",2,"NAorMissing","NAorMissing","Yes"
"1547",1547,"OH",3,"yes","Republican","Yes"
"1548",1548,"OH",2,"yes","Republican","Yes"
"1549",1549,"OH",2,"yes","Independent","Yes"
"1550",1550,"OH",3,"yes","Independent","Yes"
"1551",1551,"OH",2,"yes","Independent","Yes"
"1552",1552,"OH",1,"NAorMissing","NAorMissing","Yes"
"1553",1553,"OH",2,"yes","Republican","Yes"
"1554",1554,"OH",NA,"yes","Independent","No"
"1555",1555,"OH",1,"yes","Independent","Yes"
"1556",1556,"OH",2,"yes","Republican","Yes"
"1557",1557,"OH",2,"NAorMissing","NAorMissing","Yes"
"1558",1558,"OH",2,"yes","Independent","Yes"
"1559",1559,"OH",2,"yes","Democrat","Yes"
"1560",1560,"OH",1,"yes","Independent","Yes"
"1561",1561,"OH",2,"NAorMissing","NAorMissing","Yes"
"1562",1562,"OH",NA,"NAorMissing","NAorMissing","No"
"1563",1563,"OH",NA,"NAorMissing","NAorMissing","No"
"1564",1564,"OH",2,"yes","Independent","Yes"
"1565",1565,"OH",2,"yes","Independent","Yes"
"1566",1566,"OH",1,"yes","Independent","Yes"
"1567",1567,"OH",1,"yes","Independent","Yes"
"1568",1568,"OH",1,"yes","Independent","Yes"
"1569",1569,"OH",2,"yes","Independent","Yes"
"1570",1570,"OH",2,"yes","Democrat","Yes"
"1571",1571,"OH",3,"yes","Independent","Yes"
"1572",1572,"OH",1,"yes","Republican","Yes"
"1573",1573,"OH",NA,"NAorMissing","NAorMissing","No"
"1574",1574,"OH",NA,"no","NAorMissing","DontKnow"
"1575",1575,"OH",2,"NAorMissing","NAorMissing","Yes"
"1576",1576,"OH",1,"yes","Independent","Yes"
"1577",1577,"OH",1,"NAorMissing","NAorMissing","Yes"
"1578",1578,"OH",1,"yes","Independent","Yes"
"1579",1579,"OH",2,"yes","Independent","Yes"
"1580",1580,"OH",3,"yes","Democrat","Yes"
"1581",1581,"OH",3,"yes","Independent","Yes"
"1582",1582,"OH",3,"yes","Republican","Yes"
"1583",1583,"OH",2,"NAorMissing","NAorMissing","Yes"
"1584",1584,"OH",2,"yes","Independent","Yes"
"1585",1585,"OH",2,"NAorMissing","NAorMissing","Yes"
"1586",1586,"OH",3,"yes","Republican","Yes"
"1587",1587,"OH",1,"yes","Republican","Yes"
"1588",1588,"OH",2,"yes","Republican","Yes"
"1589",1589,"OH",2,"yes","Independent","Yes"
"1590",1590,"OH",2,"yes","Independent","Yes"
"1591",1591,"OH",3,"NAorMissing","NAorMissing","Yes"
"1592",1592,"OH",3,"yes","Independent","Yes"
"1593",1593,"OH",2,"NAorMissing","NAorMissing","Yes"
"1594",1594,"OH",NA,"NAorMissing","NAorMissing","No"
"1595",1595,"OH",3,"yes","Independent","Yes"
"1596",1596,"OH",NA,"NAorMissing","NAorMissing","No"
"1597",1597,"OH",3,"yes","Independent","Yes"
"1598",1598,"OH",2,"yes","Independent","Yes"
"1599",1599,"OH",3,"yes","Republican","Yes"
"1600",1600,"OH",4,"yes","Democrat","Yes"
"1601",1601,"OH",1,"no","NAorMissing","Yes"
"1602",1602,"OH",NA,"NAorMissing","NAorMissing","No"
"1603",1603,"OH",3,"yes","Independent","Yes"
"1604",1604,"OH",2,"yes","Independent","Yes"
"1605",1605,"OH",3,"NAorMissing","NAorMissing","Yes"
"1606",1606,"OH",3,"yes","Republican","Yes"
"1607",1607,"OH",2,"yes","Democrat","Yes"
"1608",1608,"OH",2,"yes","Independent","Yes"
"1609",1609,"OH",3,"yes","Republican","Yes"
"1610",1610,"OH",3,"NAorMissing","NAorMissing","Yes"
"1611",1611,"OH",2,"yes","Democrat","Yes"
"1612",1612,"OH",3,"yes","Independent","Yes"
"1613",1613,"OH",2,"yes","Republican","Yes"
"1614",1614,"OH",1,"yes","Republican","Yes"
"1615",1615,"OH",2,"yes","Republican","Yes"
"1616",1616,"OH",3,"yes","Independent","Yes"
"1617",1617,"OH",2,"yes","Republican","Yes"
"1618",1618,"OH",2,"yes","Democrat","Yes"
"1619",1619,"OH",2,"NAorMissing","NAorMissing","Yes"
"1620",1620,"OH",3,"yes","Independent","Yes"
"1621",1621,"OH",3,"NAorMissing","NAorMissing","Yes"
"1622",1622,"OH",NA,"yes","Independent","No"
"1623",1623,"OH",2,"yes","Democrat","Yes"
"1624",1624,"OH",1,"no","Other","Yes"
"1625",1625,"OH",2,"yes","Republican","Yes"
"1626",1626,"OH",2,"yes","Democrat","Yes"
"1627",1627,"OH",NA,"NAorMissing","NAorMissing","No"
"1628",1628,"OH",NA,"NAorMissing","NAorMissing","No"
"1629",1629,"OH",3,"yes","Independent","Yes"
"1630",1630,"OH",2,"yes","Independent","Yes"
"1631",1631,"OH",3,"yes","Republican","Yes"
"1632",1632,"OH",3,"yes","Democrat","Yes"
"1633",1633,"OH",NA,"NAorMissing","NAorMissing","No"
"1634",1634,"OH",2,"yes","Democrat","Yes"
"1635",1635,"OH",2,"yes","Independent","Yes"
"1636",1636,"OH",2,"NAorMissing","NAorMissing","Yes"
"1637",1637,"OH",3,"yes","Democrat","Yes"
"1638",1638,"OH",2,"yes","Democrat","Yes"
"1639",1639,"OH",2,"NAorMissing","NAorMissing","Yes"
"1640",1640,"OH",2,"NAorMissing","NAorMissing","Yes"
"1641",1641,"OH",NA,"NAorMissing","NAorMissing","No"
"1642",1642,"OH",3,"yes","Republican","Yes"
"1643",1643,"OH",2,"yes","Independent","Yes"
"1644",1644,"OH",1,"yes","Republican","Yes"
"1645",1645,"OH",2,"NAorMissing","NAorMissing","Yes"
"1646",1646,"OH",NA,"NAorMissing","NAorMissing","No"
"1647",1647,"OH",NA,"NAorMissing","NAorMissing","No"
"1648",1648,"OH",2,"yes","Independent","Yes"
"1649",1649,"OH",1,"yes","Independent","Yes"
"1650",1650,"OH",1,"no","NAorMissing","Yes"
"1651",1651,"OH",1,"yes","Independent","Yes"
"1652",1652,"OH",3,"yes","Democrat","Yes"
"1653",1653,"OH",1,"yes","Republican","Yes"
"1654",1654,"OH",1,"yes","Independent","Yes"
"1655",1655,"OH",3,"NAorMissing","NAorMissing","Yes"
"1656",1656,"OH",2,"yes","Republican","Yes"
"1657",1657,"OH",1,"no","Independent","Yes"
"1658",1658,"OH",3,"yes","Independent","Yes"
"1659",1659,"OH",3,"no","Democrat","Yes"
"1660",1660,"OH",3,"yes","Independent","Yes"
"1661",1661,"OH",2,"NAorMissing","NAorMissing","Yes"
"1662",1662,"OH",3,"yes","Independent","Yes"
"1663",1663,"OH",1,"NAorMissing","NAorMissing","Yes"
"1664",1664,"OH",2,"NAorMissing","NAorMissing","Yes"
"1665",1665,"OH",3,"NAorMissing","NAorMissing","Yes"
"1666",1666,"OH",1,"NAorMissing","NAorMissing","Yes"
"1667",1667,"OH",1,"yes","Republican","Yes"
"1668",1668,"OH",2,"NAorMissing","NAorMissing","Yes"
"1669",1669,"OH",1,"NAorMissing","NAorMissing","Yes"
"1670",1670,"OH",1,"NAorMissing","NAorMissing","Yes"
"1671",1671,"OH",3,"yes","Republican","Yes"
"1672",1672,"OH",1,"yes","Independent","Yes"
"1673",1673,"OH",3,"NAorMissing","NAorMissing","Yes"
"1674",1674,"OH",2,"NAorMissing","NAorMissing","Yes"
"1675",1675,"OH",3,"yes","Independent","Yes"
"1676",1676,"OH",NA,"NAorMissing","NAorMissing","No"
"1677",1677,"OH",3,"yes","Independent","Yes"
"1678",1678,"OH",3,"yes","Independent","Yes"
"1679",1679,"OH",1,"yes","Independent","Yes"
"1680",1680,"OH",3,"NAorMissing","NAorMissing","Yes"
"1681",1681,"OH",NA,"NAorMissing","NAorMissing","No"
"1682",1682,"OH",1,"NAorMissing","NAorMissing","Yes"
"1683",1683,"OH",3,"yes","Independent","Yes"
"1684",1684,"OH",1,"yes","Independent","Yes"
"1685",1685,"OH",1,"yes","Independent","Yes"
"1686",1686,"OH",2,"yes","Democrat","Yes"
"1687",1687,"OH",2,"yes","Independent","Yes"
"1688",1688,"OH",1,"yes","Republican","Yes"
"1689",1689,"OH",NA,"NAorMissing","NAorMissing","No"
"1690",1690,"OH",3,"yes","Republican","Yes"
"1691",1691,"OH",NA,"NAorMissing","NAorMissing","No"
"1692",1692,"OH",1,"yes","Independent","Yes"
"1693",1693,"OH",3,"yes","Independent","Yes"
"1694",1694,"OH",1,"yes","Independent","Yes"
"1695",1695,"OH",2,"yes","Independent","Yes"
"1696",1696,"OH",2,"NAorMissing","NAorMissing","Yes"
"1697",1697,"OH",2,"yes","Independent","Yes"
"1698",1698,"OH",2,"yes","Republican","Yes"
"1699",1699,"OH",2,"NAorMissing","NAorMissing","Yes"
"1700",1700,"OH",NA,"NAorMissing","NAorMissing","No"
"1701",1701,"OH",1,"yes","Republican","Yes"
"1702",1702,"OH",2,"yes","Republican","Yes"
"1703",1703,"OH",3,"NAorMissing","NAorMissing","Yes"
"1704",1704,"OH",3,"yes","Independent","Yes"
"1705",1705,"OH",3,"yes","Independent","Yes"
"1706",1706,"OH",1,"yes","Independent","Yes"
"1707",1707,"OH",3,"yes","Republican","Yes"
"1708",1708,"OH",2,"NAorMissing","NAorMissing","Yes"
"1709",1709,"OH",NA,"NAorMissing","NAorMissing","DontKnow"
"1710",1710,"OH",2,"yes","Independent","Yes"
"1711",1711,"OH",3,"yes","Independent","Yes"
"1712",1712,"OH",NA,"NAorMissing","NAorMissing","No"
"1713",1713,"OH",2,"yes","Independent","Yes"
"1714",1714,"OH",3,"yes","Republican","Yes"
"1715",1715,"OH",2,"yes","Democrat","Yes"
"1716",1716,"OH",3,"NAorMissing","NAorMissing","Yes"
"1717",1717,"OH",1,"NAorMissing","NAorMissing","Yes"
"1718",1718,"OH",1,"no","NAorMissing","Yes"
"1719",1719,"OH",NA,"no","NAorMissing","DontKnow"
"1720",1720,"OH",3,"yes","Independent","Yes"
"1721",1721,"OH",3,"yes","Independent","Yes"
"1722",1722,"OH",2,"yes","Republican","Yes"
"1723",1723,"OH",2,"yes","Democrat","Yes"
"1724",1724,"OH",NA,"NAorMissing","NAorMissing","No"
"1725",1725,"OH",3,"NAorMissing","NAorMissing","Yes"
"1726",1726,"OH",3,"yes","Independent","Yes"
"1727",1727,"OH",3,"NAorMissing","NAorMissing","Yes"
"1728",1728,"OH",2,"yes","Republican","Yes"
"1729",1729,"OH",2,"yes","Independent","Yes"
"1730",1730,"OH",3,"yes","Democrat","Yes"
"1731",1731,"OH",2,"yes","Republican","Yes"
"1732",1732,"OH",NA,"yes","Independent","No"
"1733",1733,"OH",2,"yes","Independent","Yes"
"1734",1734,"OH",1,"NAorMissing","NAorMissing","Yes"
"1735",1735,"OH",2,"NAorMissing","NAorMissing","Yes"
"1736",1736,"OH",3,"yes","Independent","Yes"
"1737",1737,"OH",2,"no","NAorMissing","Yes"
"1738",1738,"OH",3,"NAorMissing","NAorMissing","Yes"
"1739",1739,"OH",1,"no","Other","Yes"
"1740",1740,"OH",3,"yes","Independent","Yes"
"1741",1741,"OH",3,"yes","Republican","Yes"
"1742",1742,"OH",3,"yes","Democrat","Yes"
"1743",1743,"OH",2,"yes","Republican","Yes"
"1744",1744,"OH",1,"NAorMissing","NAorMissing","Yes"
"1745",1745,"OH",3,"NAorMissing","NAorMissing","Yes"
"1746",1746,"OH",3,"yes","Independent","Yes"
"1747",1747,"OH",3,"yes","Independent","Yes"
"1748",1748,"OH",3,"yes","Independent","Yes"
"1749",1749,"OH",3,"yes","Republican","Yes"
"1750",1750,"OH",3,"yes","Independent","Yes"
"1751",1751,"OH",3,"NAorMissing","NAorMissing","Yes"
"1752",1752,"OH",NA,"NAorMissing","NAorMissing","No"
"1753",1753,"OH",4,"yes","Republican","Yes"
"1754",1754,"OH",3,"yes","Democrat","Yes"
"1755",1755,"OH",2,"NAorMissing","NAorMissing","Yes"
"1756",1756,"OH",2,"NAorMissing","NAorMissing","Yes"
"1757",1757,"OH",2,"NAorMissing","NAorMissing","Yes"
"1758",1758,"OH",2,"NAorMissing","NAorMissing","Yes"
"1759",1759,"OH",1,"yes","Independent","Yes"
"1760",1760,"OH",1,"yes","Independent","Yes"
"1761",1761,"OH",NA,"NAorMissing","NAorMissing","No"
"1762",1762,"OH",2,"yes","Republican","Yes"
"1763",1763,"OH",NA,"NAorMissing","NAorMissing","No"
"1764",1764,"OH",3,"yes","Republican","Yes"
"1765",1765,"OH",1,"NAorMissing","NAorMissing","Yes"
"1766",1766,"OH",1,"NAorMissing","NAorMissing","Yes"
"1767",1767,"OH",3,"NAorMissing","NAorMissing","Yes"
"1768",1768,"OH",2,"yes","Independent","Yes"
"1769",1769,"OH",3,"yes","Republican","Yes"
"1770",1770,"OH",3,"NAorMissing","NAorMissing","Yes"
"1771",1771,"OH",3,"yes","Independent","Yes"
"1772",1772,"OH",3,"yes","Republican","Yes"
"1773",1773,"OH",3,"yes","Republican","Yes"
"1774",1774,"OH",3,"NAorMissing","NAorMissing","Yes"
"1775",1775,"OH",3,"yes","Independent","Yes"
"1776",1776,"OH",1,"yes","Independent","Yes"
"1777",1777,"OH",2,"yes","Independent","Yes"
"1778",1778,"OH",2,"yes","Republican","Yes"
"1779",1779,"OH",4,"yes","Independent","Yes"
"1780",1780,"OH",2,"yes","Democrat","Yes"
"1781",1781,"OH",2,"NAorMissing","NAorMissing","Yes"
"1782",1782,"OH",1,"yes","Republican","Yes"
"1783",1783,"OH",2,"yes","Independent","Yes"
"1784",1784,"OH",2,"yes","Republican","Yes"
"1785",1785,"OH",1,"NAorMissing","NAorMissing","Yes"
"1786",1786,"OH",3,"yes","Republican","Yes"
"1787",1787,"OH",NA,"yes","Independent","No"
"1788",1788,"OH",3,"yes","Independent","Yes"
"1789",1789,"OH",2,"NAorMissing","NAorMissing","Yes"
"1790",1790,"OH",NA,"NAorMissing","NAorMissing","No"
"1791",1791,"OH",2,"NAorMissing","NAorMissing","Yes"
"1792",1792,"OH",2,"yes","Republican","Yes"
"1793",1793,"OH",NA,"NAorMissing","NAorMissing","No"
"1794",1794,"OH",2,"no","Independent","Yes"
"1795",1795,"OH",1,"NAorMissing","NAorMissing","Yes"
"1796",1796,"OH",2,"yes","Independent","Yes"
"1797",1797,"OH",2,"NAorMissing","NAorMissing","Yes"
"1798",1798,"OH",1,"no","NAorMissing","Yes"
"1799",1799,"OH",2,"yes","Independent","Yes"
"1800",1800,"OH",2,"NAorMissing","NAorMissing","Yes"
"1801",1801,"OH",2,"NAorMissing","NAorMissing","Yes"
"1802",1802,"OH",2,"NAorMissing","NAorMissing","Yes"
"1803",1803,"OH",2,"yes","Republican","Yes"
"1804",1804,"OH",2,"NAorMissing","NAorMissing","Yes"
"1805",1805,"OH",2,"NAorMissing","NAorMissing","Yes"
"1806",1806,"OH",1,"yes","Other","Yes"
"1807",1807,"OH",NA,"NAorMissing","NAorMissing","No"
"1808",1808,"OH",1,"yes","Independent","Yes"
"1809",1809,"OH",NA,"NAorMissing","NAorMissing","No"
"1810",1810,"OH",1,"NAorMissing","NAorMissing","Yes"
"1811",1811,"OH",3,"yes","Democrat","Yes"
"1812",1812,"OH",1,"yes","NAorMissing","Yes"
"1813",1813,"OH",2,"NAorMissing","NAorMissing","Yes"
"1814",1814,"OH",2,"NAorMissing","NAorMissing","Yes"
"1815",1815,"OH",NA,"NAorMissing","NAorMissing","No"
"1816",1816,"OH",2,"NAorMissing","NAorMissing","Yes"
"1817",1817,"OH",2,"yes","Democrat","Yes"
"1818",1818,"OH",2,"yes","Independent","Yes"
"1819",1819,"OH",2,"yes","Republican","Yes"
"1820",1820,"OH",2,"NAorMissing","NAorMissing","Yes"
"1821",1821,"OH",1,"NAorMissing","NAorMissing","Yes"
"1822",1822,"OH",2,"NAorMissing","NAorMissing","Yes"
"1823",1823,"OH",2,"yes","Independent","Yes"
"1824",1824,"OH",1,"NAorMissing","NAorMissing","Yes"
"1825",1825,"OH",2,"NAorMissing","NAorMissing","Yes"
"1826",1826,"OH",NA,"NAorMissing","NAorMissing","No"
"1827",1827,"OH",2,"yes","Independent","Yes"
"1828",1828,"OH",2,"NAorMissing","NAorMissing","Yes"
"1829",1829,"OH",3,"NAorMissing","NAorMissing","Yes"
"1830",1830,"OH",2,"yes","Independent","Yes"
"1831",1831,"OH",2,"NAorMissing","NAorMissing","Yes"
"1832",1832,"OH",1,"NAorMissing","NAorMissing","Yes"
"1833",1833,"OH",2,"yes","Republican","Yes"
"1834",1834,"OH",NA,"NAorMissing","NAorMissing","No"
"1835",1835,"OH",3,"yes","Republican","Yes"
"1836",1836,"OH",2,"yes","Independent","Yes"
"1837",1837,"OH",2,"yes","Independent","Yes"
"1838",1838,"OH",2,"yes","Independent","Yes"
"1839",1839,"OH",2,"yes","Independent","Yes"
"1840",1840,"OH",2,"yes","Independent","Yes"
"1841",1841,"OH",2,"yes","Independent","Yes"
"1842",1842,"OH",1,"yes","Independent","Yes"
"1843",1843,"OH",2,"yes","Republican","Yes"
"1844",1844,"OH",2,"NAorMissing","NAorMissing","Yes"
"1845",1845,"OH",1,"no","NAorMissing","Yes"
"1846",1846,"OH",1,"NAorMissing","NAorMissing","Yes"
"1847",1847,"OH",1,"NAorMissing","NAorMissing","Yes"
"1848",1848,"OH",2,"yes","Democrat","Yes"
"1849",1849,"OH",2,"NAorMissing","NAorMissing","Yes"
"1850",1850,"OH",1,"yes","Independent","Yes"
"1851",1851,"OH",1,"yes","Independent","Yes"
"1852",1852,"OH",2,"yes","Independent","Yes"
"1853",1853,"OH",3,"yes","Independent","Yes"
"1854",1854,"OH",3,"NAorMissing","NAorMissing","Yes"
"1855",1855,"OH",2,"yes","Republican","Yes"
"1856",1856,"OH",3,"yes","Independent","Yes"
"1857",1857,"OH",2,"NAorMissing","NAorMissing","Yes"
"1858",1858,"OH",2,"yes","Republican","Yes"
"1859",1859,"OH",NA,"NAorMissing","NAorMissing","No"
"1860",1860,"OH",3,"no","NAorMissing","Yes"
"1861",1861,"OH",2,"NAorMissing","NAorMissing","Yes"
"1862",1862,"OH",2,"NAorMissing","NAorMissing","Yes"
"1863",1863,"OH",1,"yes","Independent","Yes"
"1864",1864,"OH",1,"yes","Independent","Yes"
"1865",1865,"OH",NA,"NAorMissing","NAorMissing","No"
"1866",1866,"OH",2,"NAorMissing","NAorMissing","Yes"
"1867",1867,"OH",2,"yes","Independent","Yes"
"1868",1868,"OH",3,"yes","Independent","Yes"
"1869",1869,"OH",3,"yes","Democrat","Yes"
"1870",1870,"OH",3,"yes","Independent","Yes"
"1871",1871,"OH",3,"yes","Democrat","Yes"
"1872",1872,"OH",3,"yes","Democrat","Yes"
"1873",1873,"OH",2,"no","NAorMissing","Yes"
"1874",1874,"OH",2,"yes","Independent","Yes"
"1875",1875,"OH",NA,"NAorMissing","NAorMissing","No"
"1876",1876,"OH",3,"yes","Democrat","Yes"
"1877",1877,"OH",2,"yes","Independent","Yes"
"1878",1878,"OH",2,"yes","Independent","Yes"
"1879",1879,"OH",3,"yes","Independent","Yes"
"1880",1880,"OH",1,"NAorMissing","NAorMissing","Yes"
"1881",1881,"OH",1,"yes","Independent","Yes"
"1882",1882,"OH",1,"yes","Republican","Yes"
"1883",1883,"OH",3,"yes","Independent","Yes"
"1884",1884,"OH",3,"yes","Republican","Yes"
"1885",1885,"OH",4,"yes","Republican","Yes"
"1886",1886,"OH",NA,"NAorMissing","NAorMissing","No"
"1887",1887,"OH",1,"yes","Independent","Yes"
"1888",1888,"OH",2,"yes","Independent","Yes"
"1889",1889,"OH",2,"yes","Democrat","Yes"
"1890",1890,"OH",3,"yes","Independent","Yes"
"1891",1891,"OH",2,"NAorMissing","NAorMissing","Yes"
"1892",1892,"OH",2,"yes","Independent","Yes"
"1893",1893,"OH",3,"yes","Independent","Yes"
"1894",1894,"OH",3,"yes","Independent","Yes"
"1895",1895,"OH",4,"yes","Independent","Yes"
"1896",1896,"OH",3,"yes","Independent","Yes"
"1897",1897,"OH",3,"yes","Independent","Yes"
"1898",1898,"OH",2,"yes","Independent","Yes"
"1899",1899,"OH",1,"yes","Independent","Yes"
"1900",1900,"OH",2,"yes","Independent","Yes"
"1901",1901,"OH",2,"NAorMissing","NAorMissing","Yes"
"1902",1902,"OH",3,"yes","Independent","Yes"
"1903",1903,"OH",3,"yes","Republican","Yes"
"1904",1904,"OH",2,"yes","Independent","Yes"
"1905",1905,"OH",1,"yes","Independent","Yes"
"1906",1906,"OH",3,"yes","Republican","Yes"
"1907",1907,"OH",2,"yes","Independent","Yes"
"1908",1908,"OH",1,"yes","Democrat","Yes"
"1909",1909,"OH",3,"yes","Independent","Yes"
"1910",1910,"OH",2,"yes","Independent","Yes"
"1911",1911,"OH",1,"yes","Republican","Yes"
"1912",1912,"OH",4,"no","NAorMissing","Yes"
"1913",1913,"OH",3,"NAorMissing","NAorMissing","Yes"
"1914",1914,"OH",2,"yes","Republican","Yes"
"1915",1915,"OH",1,"yes","Independent","Yes"
"1916",1916,"OH",1,"NAorMissing","NAorMissing","Yes"
"1917",1917,"OH",2,"yes","Republican","Yes"
"1918",1918,"OH",1,"yes","Democrat","Yes"
"1919",1919,"OH",2,"NAorMissing","NAorMissing","Yes"
"1920",1920,"OH",2,"yes","Republican","Yes"
"1921",1921,"OH",3,"yes","Democrat","Yes"
"1922",1922,"OH",2,"NAorMissing","NAorMissing","Yes"
"1923",1923,"OH",4,"NAorMissing","NAorMissing","Yes"
"1924",1924,"OH",1,"yes","Republican","Yes"
"1925",1925,"OH",1,"NAorMissing","NAorMissing","Yes"
"1926",1926,"OH",2,"NAorMissing","NAorMissing","Yes"
"1927",1927,"OH",2,"yes","Republican","Yes"
"1928",1928,"OH",NA,"NAorMissing","NAorMissing","No"
"1929",1929,"OH",1,"yes","Independent","Yes"
"1930",1930,"OH",NA,"NAorMissing","NAorMissing","No"
"1931",1931,"OH",3,"yes","Democrat","Yes"
"1932",1932,"OH",2,"yes","Democrat","Yes"
"1933",1933,"OH",2,"yes","Independent","Yes"
"1934",1934,"OH",3,"yes","Independent","Yes"
"1935",1935,"OH",2,"yes","Republican","Yes"
"1936",1936,"OH",2,"yes","Republican","Yes"
"1937",1937,"OH",3,"yes","Independent","Yes"
"1938",1938,"OH",1,"yes","Republican","Yes"
"1939",1939,"OH",3,"yes","Republican","Yes"
"1940",1940,"OH",3,"yes","Independent","Yes"
"1941",1941,"OH",1,"yes","NAorMissing","Yes"
"1942",1942,"OH",2,"yes","Independent","Yes"
"1943",1943,"OH",1,"yes","Independent","Yes"
"1944",1944,"OH",2,"yes","Independent","Yes"
"1945",1945,"OH",3,"yes","Democrat","Yes"
"1946",1946,"OH",2,"yes","Independent","Yes"
"1947",1947,"OH",NA,"no","NAorMissing","DontKnow"
"1948",1948,"OH",1,"yes","Republican","Yes"
"1949",1949,"OH",1,"yes","Independent","Yes"
"1950",1950,"OH",2,"NAorMissing","NAorMissing","Yes"
"1951",1951,"OH",1,"yes","Democrat","Yes"
"1952",1952,"OH",3,"yes","Republican","Yes"
"1953",1953,"OH",3,"NAorMissing","NAorMissing","Yes"
"1954",1954,"OH",3,"NAorMissing","NAorMissing","Yes"
"1955",1955,"OH",3,"yes","Independent","Yes"
"1956",1956,"OH",3,"yes","Independent","Yes"
"1957",1957,"OH",2,"yes","Democrat","Yes"
"1958",1958,"OH",1,"yes","Independent","Yes"
"1959",1959,"OH",3,"no","Other","Yes"
"1960",1960,"OH",1,"yes","Independent","Yes"
"1961",1961,"OH",1,"yes","Independent","Yes"
"1962",1962,"OH",3,"yes","Democrat","Yes"
"1963",1963,"OH",1,"yes","Independent","Yes"
"1964",1964,"OH",1,"yes","Independent","Yes"
"1965",1965,"OH",2,"yes","Democrat","Yes"
"1966",1966,"OH",3,"yes","Democrat","Yes"
"1967",1967,"OH",2,"yes","Republican","Yes"
"1968",1968,"OH",1,"yes","Democrat","Yes"
"1969",1969,"OH",3,"yes","Independent","Yes"
"1970",1970,"OH",2,"yes","Democrat","Yes"
"1971",1971,"OH",3,"yes","Independent","Yes"
"1972",1972,"OH",3,"yes","Republican","Yes"
"1973",1973,"OH",NA,"no","NAorMissing","DontKnow"
"1974",1974,"OH",2,"NAorMissing","NAorMissing","Yes"
"1975",1975,"OH",3,"yes","Independent","Yes"
"1976",1976,"OH",2,"yes","Independent","Yes"
"1977",1977,"OH",2,"yes","Republican","Yes"
"1978",1978,"OH",1,"yes","Independent","Yes"
"1979",1979,"OH",2,"yes","Republican","Yes"
"1980",1980,"OH",2,"yes","Republican","Yes"
"1981",1981,"OH",2,"yes","Independent","Yes"
"1982",1982,"OH",1,"NAorMissing","NAorMissing","Yes"
"1983",1983,"OH",4,"yes","Republican","Yes"
"1984",1984,"OH",3,"yes","Independent","Yes"
"1985",1985,"OH",3,"yes","Independent","Yes"
"1986",1986,"OH",NA,"NAorMissing","NAorMissing","No"
"1987",1987,"OH",NA,"NAorMissing","NAorMissing","No"
"1988",1988,"OH",NA,"NAorMissing","NAorMissing","No"
"1989",1989,"OH",NA,"NAorMissing","NAorMissing","No"
"1990",1990,"OH",NA,"NAorMissing","NAorMissing","No"
"1991",1991,"OH",NA,"no","NAorMissing","DontKnow"
"1992",1992,"OH",NA,"NAorMissing","NAorMissing","No"
"1993",1993,"OH",NA,"NAorMissing","NAorMissing","No"
"1994",1994,"OH",3,"yes","Independent","Yes"
"1995",1995,"OH",2,"yes","Republican","Yes"
